"id","seqnames","arm","combine","short.corrected2","long.corrected2","ratio.corrected2","nfrags.corrected2","seqnames2","start","end","binsize","bin"
"1","Jan28","chr1","1p",1,5353.88824446215,31949.8406679757,0.165156154696638,37303.7289124375,"chr1",700001,5999999,50,1
"2","Jan28","chr1","1p",2,5821.08375021748,30529.8901561455,0.187159195774249,36350.9739063626,"chr1",6000001,10999999,50,2
"3","Jan28","chr1","1p",3,5684.51451926626,30540.8884183416,0.181593200342947,36225.4029376075,"chr1",11000001,16699999,50,3
"4","Jan28","chr1","1p",4,6130.35730779551,33564.4784330101,0.180184907023517,39694.8357408052,"chr1",16700001,21799999,50,4
"5","Jan28","chr1","1p",5,5804.50895507408,29138.5727254244,0.195307300243299,34943.081680498,"chr1",21800001,26799999,50,5
"6","Jan28","chr1","1p",6,5764.53592815694,29001.5203900695,0.196992654596692,34766.0563182261,"chr1",26800001,32099999,50,6
"7","Jan28","chr1","1p",7,5664.05054632537,29232.6797756174,0.190813747961639,34896.7303219424,"chr1",32100001,37099999,50,7
"8","Jan28","chr1","1p",8,5889.41332452091,30517.6547862386,0.191273922451533,36407.0681107592,"chr1",37100001,42099999,50,8
"9","Jan28","chr1","1p",9,5811.41231440394,29054.2410083999,0.195354023576087,34865.6533228036,"chr1",42100001,47099999,50,9
"10","Jan28","chr1","1p",10,5809.35129732302,30967.8461594088,0.185064592110132,36777.1974567317,"chr1",47100001,52099999,50,10
"11","Jan28","chr1","1p",11,6034.25007040418,30615.7348289218,0.193053128101814,36649.9848993258,"chr1",52100001,57099999,50,11
"12","Jan28","chr1","1p",12,5881.33704191069,31365.7478083304,0.184427586822672,37247.0848502411,"chr1",57100001,62099999,50,12
"13","Jan28","chr1","1p",13,5873.76816405572,30433.8832207222,0.189813650910613,36307.6513847779,"chr1",62100001,67099999,50,13
"14","Jan28","chr1","1p",14,5608.9648621871,29579.3188373588,0.187167326627099,35188.283699546,"chr1",67100001,72099999,50,14
"15","Jan28","chr1","1p",15,5359.53668204525,29867.8246087115,0.178134514439331,35227.3612907568,"chr1",72100001,77099999,50,15
"16","Jan28","chr1","1p",16,5384.40702016837,29230.2526922493,0.18256268165524,34614.6597124177,"chr1",77100001,82099999,50,16
"17","Jan28","chr1","1p",17,5682.36900068332,29805.0555288492,0.188762417383794,35487.4245295326,"chr1",82100001,87299999,50,17
"18","Jan28","chr1","1p",18,5862.0271235646,30134.6211743136,0.191986746318915,35996.6482978782,"chr1",87300001,92299999,50,18
"19","Jan28","chr1","1p",19,5712.63722847194,30165.1324184111,0.185946037225255,35877.7696468831,"chr1",92300001,97299999,50,19
"20","Jan28","chr1","1p",20,5686.73623976882,29545.6966109676,0.191950535186413,35232.4328507365,"chr1",97300001,102299999,50,20
"21","Jan28","chr1","1p",21,5040.8674094347,27882.9609337203,0.182106326085095,32923.8283431551,"chr1",102300001,107599999,50,21
"22","Jan28","chr1","1p",22,5886.47448090256,28504.4043179167,0.202562284556306,34390.8787988191,"chr1",107600001,112699999,50,22
"23","Jan28","chr1","1p",23,5793.10220199598,29896.6225384212,0.190597369930066,35689.7247404171,"chr1",112700001,117699999,50,23
"24","Jan28","chr1","1q",1,5528.5383576276,28015.5784846308,0.193902027187291,33544.1168422583,"chr1",243900001,249199999,50,24
"25","Jan28","chr1","1q",2,5309.99549452056,28444.0753156256,0.183355873324337,33754.0708101462,"chr1",238900001,243899999,50,25
"26","Jan28","chr1","1q",3,5499.66031805251,29047.232284375,0.186554484341427,34546.8926024274,"chr1",233700001,238899999,50,26
"27","Jan28","chr1","1q",4,5771.70572599499,30483.5825493284,0.18564377432877,36255.2882753232,"chr1",228700001,233699999,50,27
"28","Jan28","chr1","1q",5,5628.74941267436,28935.9351049795,0.191406347315743,34564.6845176536,"chr1",223500001,228699999,50,28
"29","Jan28","chr1","1q",6,5711.16212658181,30002.9603096626,0.187106628571708,35714.1224362444,"chr1",218500001,223499999,50,29
"30","Jan28","chr1","1q",7,5366.18923353195,30187.2934784283,0.175017982380987,35553.4827119602,"chr1",213500001,218499999,50,30
"31","Jan28","chr1","1q",8,5663.60105237157,29897.3490463133,0.186330005846986,35560.9500986848,"chr1",208500001,213499999,50,31
"32","Jan28","chr1","1q",9,5803.1078570466,28880.9876942619,0.197304588304317,34684.0955513082,"chr1",203100001,208499999,50,32
"33","Jan28","chr1","1q",10,5898.52631730525,29794.5741029735,0.195813863040085,35693.1004202786,"chr1",198100001,203099999,50,33
"34","Jan28","chr1","1q",11,5298.19590039312,29036.9724504371,0.183208644101709,34335.1683508303,"chr1",193100001,198099999,50,34
"35","Jan28","chr1","1q",12,5206.70213426385,28163.3764104003,0.187789690839632,33370.0785446642,"chr1",188100001,193099999,50,35
"36","Jan28","chr1","1q",13,5701.52699682054,28756.39561107,0.196164273169582,34457.9226078905,"chr1",183100001,188099999,50,36
"37","Jan28","chr1","1q",14,5796.43592296496,29436.0422278013,0.193683864165299,35232.4781507661,"chr1",178100001,183099999,50,37
"38","Jan28","chr1","1q",15,5604.91818720796,29808.3247587932,0.185886160298215,35413.2429460011,"chr1",173100001,178099999,50,38
"39","Jan28","chr1","1q",16,5868.73955051782,29206.9381158632,0.198840046719724,35075.6776663811,"chr1",168100001,173099999,50,39
"40","Jan28","chr1","1q",17,5821.77775974386,30360.8782378522,0.188182292953216,36182.655997596,"chr1",163100001,168099999,50,40
"41","Jan28","chr1","1q",18,5709.59550044086,27820.5406986932,0.202264650114536,33530.136199134,"chr1",158100001,163099999,50,41
"42","Jan28","chr1","1q",19,5864.43008896449,27858.1764226284,0.206885128954108,33722.6065115925,"chr1",153100001,158099999,50,42
"43","Jan28","chr1","1q",20,5433.83500596482,27060.1188090819,0.19781244407822,32493.9538150466,"chr1",145400001,153099999,50,43
"44","Jan28","chr2","2p",1,5316.60074787787,30135.0973150029,0.172742652943342,35451.6980628805,"chr2",100001,5399999,50,44
"45","Jan28","chr2","2p",2,5755.83529814431,29797.6004966046,0.189132175452456,35553.4357947488,"chr2",5400001,10399999,50,45
"46","Jan28","chr2","2p",3,5510.52981082047,29858.479394403,0.181729712620732,35369.0092052234,"chr2",10400001,15399999,50,46
"47","Jan28","chr2","2p",4,5632.35069578631,30393.1765359469,0.181635859388821,36025.5272317331,"chr2",15400001,20599999,50,47
"48","Jan28","chr2","2p",5,5713.62292166983,29843.7759721403,0.187855096232535,35557.39889381,"chr2",20600001,25699999,50,48
"49","Jan28","chr2","2p",6,5888.18890191959,30194.600782901,0.191127979708593,36082.7896848203,"chr2",25700001,30699999,50,49
"50","Jan28","chr2","2p",7,5633.92846386509,29194.2299539197,0.190181159615058,34828.1584177848,"chr2",30700001,35699999,50,50
"51","Jan28","chr2","2p",8,5814.28127206243,29387.8843820168,0.194799609695831,35202.1656540792,"chr2",35700001,40699999,50,51
"52","Jan28","chr2","2p",9,5741.52971074181,29874.0510257394,0.189770333292106,35615.5807364811,"chr2",40700001,45699999,50,52
"53","Jan28","chr2","2p",10,5742.19521289302,30086.0288286366,0.187840807265133,35828.2240415295,"chr2",45700001,50699999,50,53
"54","Jan28","chr2","2p",11,5453.33409633706,29151.6672535722,0.185151001569038,34605.0013499093,"chr2",50700001,55699999,50,54
"55","Jan28","chr2","2p",12,5650.10723242161,30564.034356367,0.183281114779733,36214.1415887886,"chr2",55700001,60699999,50,55
"56","Jan28","chr2","2p",13,6062.18923189169,28458.300871876,0.208976701469647,34520.4901037676,"chr2",60700001,65699999,50,56
"57","Jan28","chr2","2p",14,5803.02759393546,29690.8141427086,0.194291946406526,35493.841736644,"chr2",65700001,70699999,50,57
"58","Jan28","chr2","2p",15,5706.59129159737,29490.9762437299,0.190293858516816,35197.5675353271,"chr2",70700001,75699999,50,58
"59","Jan28","chr2","2p",16,5192.71960109528,28971.8091155289,0.178221278267487,34164.5287166243,"chr2",75700001,80699999,50,59
"60","Jan28","chr2","2p",17,5395.54838572248,29433.9217913021,0.181371707146737,34829.4701770246,"chr2",80700001,85699999,50,60
"61","Jan28","chr2","2q",1,5558.25673229491,30337.3598074602,0.179934872705716,35895.6165397547,"chr2",237800001,243099999,50,61
"62","Jan28","chr2","2q",2,5539.84458891074,31314.5539425642,0.173489888085849,36854.3985314746,"chr2",232700001,237799999,50,62
"63","Jan28","chr2","2q",3,5641.60235863993,28732.4014677539,0.192688928101548,34374.0038263937,"chr2",227700001,232699999,50,63
"64","Jan28","chr2","2q",4,5559.89799753451,29454.0983449185,0.185712413218874,35013.996342453,"chr2",222700001,227699999,50,64
"65","Jan28","chr2","2q",5,5627.82751118381,30467.981738063,0.18197197949146,36095.8092492466,"chr2",217700001,222699999,50,65
"66","Jan28","chr2","2q",6,5491.1940792813,29791.5111882586,0.182893648126562,35282.70526754,"chr2",212700001,217699999,50,66
"67","Jan28","chr2","2q",7,5549.98920439722,29179.4810580026,0.188098717935113,34729.4702623999,"chr2",207700001,212699999,50,67
"68","Jan28","chr2","2q",8,5771.71811448504,29589.50786794,0.191193849072485,35361.225982425,"chr2",202700001,207699999,50,68
"69","Jan28","chr2","2q",9,5616.64594130621,29077.3257535219,0.190350359738803,34693.9716948281,"chr2",197700001,202699999,50,69
"70","Jan28","chr2","2q",10,5286.59222921549,28680.380959048,0.184728973485678,33966.9731882636,"chr2",192700001,197699999,50,70
"71","Jan28","chr2","2q",11,5489.07064874011,29017.0575431752,0.187832287674371,34506.1281919154,"chr2",187700001,192699999,50,71
"72","Jan28","chr2","2q",12,5291.5932746585,28947.2516490292,0.182982510931959,34238.8449236877,"chr2",182700001,187699999,50,72
"73","Jan28","chr2","2q",13,5542.26442274732,29839.2227248089,0.18340691701225,35381.4871475563,"chr2",177700001,182699999,50,73
"74","Jan28","chr2","2q",14,5856.9897704811,29623.3987133319,0.194540990615443,35480.388483813,"chr2",172700001,177699999,50,74
"75","Jan28","chr2","2q",15,5728.43314298499,30207.1175477937,0.186727265196718,35935.5506907787,"chr2",167700001,172699999,50,75
"76","Jan28","chr2","2q",16,5531.14870771617,29866.6227411982,0.184304573847254,35397.7714489144,"chr2",162700001,167699999,50,76
"77","Jan28","chr2","2q",17,5802.69306066198,29487.6501403332,0.19398162044609,35290.3432009952,"chr2",157700001,162699999,50,77
"78","Jan28","chr2","2q",18,5347.96459169527,28693.6675608428,0.185231519124891,34041.6321525381,"chr2",152700001,157699999,50,78
"79","Jan28","chr2","2q",19,5666.84500686495,29308.3445207697,0.190994707197356,34975.1895276347,"chr2",147500001,152699999,50,79
"80","Jan28","chr2","2q",20,5718.35561056827,29197.0806839954,0.196027694969442,34915.4362945637,"chr2",142500001,147499999,50,80
"81","Jan28","chr2","2q",21,5439.42988827102,29595.0921447761,0.182799460169665,35034.5220330472,"chr2",137500001,142499999,50,81
"82","Jan28","chr2","2q",22,5563.26177218917,29501.9050624971,0.184440121315491,35065.1668346862,"chr2",132500001,137499999,50,82
"83","Jan28","chr2","2q",23,5151.91480845184,29235.9215529612,0.172797277556081,34387.8363614127,"chr2",127200001,132499999,50,83
"84","Jan28","chr2","2q",24,5427.58947151852,29696.8124011473,0.180364325176982,35124.4018726659,"chr2",122200001,127199999,50,84
"85","Jan28","chr2","2q",25,5385.6875579243,30799.2851730693,0.172180245080748,36184.9727309934,"chr2",117200001,122199999,50,85
"86","Jan28","chr2","2q",26,5324.597196954,26751.0190140796,0.197601048984614,32075.6162110335,"chr2",111800001,117199999,50,86
"87","Jan28","chr2","2q",27,5597.86077026475,29411.1558322183,0.187135111064082,35009.0166024829,"chr2",105800001,111799999,50,87
"88","Jan28","chr2","2q",28,5542.51000278889,30353.8620289994,0.179526277683345,35896.3720317882,"chr2",100800001,105799999,50,88
"89","Jan28","chr2","2q",29,5244.43727438693,27140.521366497,0.188173022751096,32384.9586408838,"chr2",95600001,100799999,50,89
"90","Jan28","chr3","3p",1,5578.61049453762,29019.9565324148,0.189371612438361,34598.5670269524,"chr3",100001,5099999,50,90
"91","Jan28","chr3","3p",2,5621.46165931149,30150.9513976191,0.183498987541171,35772.4130569305,"chr3",5100001,10099999,50,91
"92","Jan28","chr3","3p",3,5717.74397670322,30582.9500786998,0.183464646147726,36300.6940554027,"chr3",10100001,15099999,50,92
"93","Jan28","chr3","3p",4,5776.32655888064,28958.4457025317,0.196560868191824,34734.7722614124,"chr3",15100001,20099999,50,93
"94","Jan28","chr3","3p",5,5591.24236450019,29776.2870017038,0.184986667068976,35367.529366204,"chr3",20100001,25099999,50,94
"95","Jan28","chr3","3p",6,5514.4742379186,29603.3948095985,0.183388470287642,35117.8690475171,"chr3",25100001,30099999,50,95
"96","Jan28","chr3","3p",7,5928.53118617407,29814.8052309955,0.195259622370234,35743.3364171695,"chr3",30100001,35099999,50,96
"97","Jan28","chr3","3p",8,5904.84440612903,29824.5455746155,0.194504947221173,35729.3899807444,"chr3",35100001,40099999,50,97
"98","Jan28","chr3","3p",9,5872.99569291133,29812.3211028562,0.193477098275081,35685.3167957674,"chr3",40100001,45099999,50,98
"99","Jan28","chr3","3p",10,5809.60500223074,27832.5547838171,0.204259203432925,33642.1597860475,"chr3",45100001,50099999,50,99
"100","Jan28","chr3","3p",11,5687.39725312377,30244.6656385078,0.185608990160487,35932.0628916313,"chr3",50100001,55099999,50,100
"101","Jan28","chr3","3p",12,5793.50066630103,29934.380628762,0.190024872914362,35727.881295063,"chr3",55100001,60099999,50,101
"102","Jan28","chr3","3p",13,5635.1801325664,30984.5164757628,0.178103360133912,36619.6966083292,"chr3",60100001,65099999,50,102
"103","Jan28","chr3","3p",14,5660.60710298732,30501.9950802898,0.18169758860011,36162.6021832771,"chr3",65100001,70299999,50,103
"104","Jan28","chr3","3p",15,5658.15520187159,29616.6940147255,0.18749158408314,35274.849216597,"chr3",70300001,75299999,50,104
"105","Jan28","chr3","3p",16,5364.20079104489,28537.3606813221,0.187543111056694,33901.561472367,"chr3",75300001,80499999,50,105
"106","Jan28","chr3","3p",17,5183.36093198793,28253.1562136267,0.185221866816361,33436.5171456147,"chr3",80500001,85499999,50,106
"107","Jan28","chr3","3p",18,5028.454371104,28056.9629814684,0.180315286634327,33085.4173525725,"chr3",85500001,90499999,50,107
"108","Jan28","chr3","3q",1,5716.79427126625,27738.0798705657,0.202491194272863,33454.8741418317,"chr3",192800001,197899999,50,108
"109","Jan28","chr3","3q",2,5572.91546136155,29826.8058299529,0.183893543363507,35399.7212913145,"chr3",187800001,192799999,50,109
"110","Jan28","chr3","3q",3,5934.12227953225,28415.1898137871,0.204004922408439,34349.3120933191,"chr3",182800001,187799999,50,110
"111","Jan28","chr3","3q",4,5553.50854566462,29650.9058511968,0.184364567375362,35204.4143968615,"chr3",177800001,182799999,50,111
"112","Jan28","chr3","3q",5,5607.28338612471,29064.2599639456,0.192061471616963,34671.5433500703,"chr3",172800001,177799999,50,112
"113","Jan28","chr3","3q",6,5852.73490587205,29673.5011023303,0.194156336714369,35526.2360082024,"chr3",167800001,172799999,50,113
"114","Jan28","chr3","3q",7,5284.80656620638,28582.4923374323,0.186014316235285,33867.2989036388,"chr3",162800001,167799999,50,114
"115","Jan28","chr3","3q",8,5547.23834794313,28424.6909133871,0.192523033482824,33971.9292613302,"chr3",157800001,162799999,50,115
"116","Jan28","chr3","3q",9,5612.71680367325,29570.6823256268,0.186790460682012,35183.3991293001,"chr3",152800001,157799999,50,116
"117","Jan28","chr3","3q",10,5907.47748821326,28970.8425031817,0.202139877579954,34878.319991395,"chr3",147800001,152799999,50,117
"118","Jan28","chr3","3q",11,5344.8964589332,29257.9762258392,0.181649576278519,34602.8726847724,"chr3",142800001,147799999,50,118
"119","Jan28","chr3","3q",12,5718.12937490396,29721.7247089757,0.189282628802556,35439.8540838795,"chr3",137800001,142799999,50,119
"120","Jan28","chr3","3q",13,5677.79807480153,29756.9784459203,0.186822083016992,35434.7765207217,"chr3",132800001,137799999,50,120
"121","Jan28","chr3","3q",14,5654.14343810686,28624.8600898903,0.194026165410306,34279.003527997,"chr3",127800001,132799999,50,121
"122","Jan28","chr3","3q",15,5805.70437186769,30544.7504678908,0.186312076840133,36350.4548397582,"chr3",122800001,127799999,50,122
"123","Jan28","chr3","3q",16,5737.24959409714,28530.1809496237,0.197524621233231,34267.4305437208,"chr3",117800001,122799999,50,123
"124","Jan28","chr3","3q",17,5643.10331966741,29944.7809081128,0.186172874088208,35587.8842277803,"chr3",112800001,117799999,50,124
"125","Jan28","chr3","3q",18,5547.72258051309,29013.6063272876,0.18908437285679,34561.3289078008,"chr3",107800001,112799999,50,125
"126","Jan28","chr3","3q",19,5360.184474381,28815.9103229177,0.185456883830166,34176.0947972987,"chr3",102800001,107799999,50,126
"127","Jan28","chr3","3q",20,5549.48606619569,29218.547932718,0.187830301385977,34768.0339989138,"chr3",97800001,102799999,50,127
"128","Jan28","chr4","4p",1,5682.02583727749,29579.7907996291,0.189141253082895,35261.8166369062,"chr4",100001,5199999,50,128
"129","Jan28","chr4","4p",2,5374.76973644686,30563.1353796566,0.172276799663314,35937.905116103,"chr4",5200001,10599999,50,129
"130","Jan28","chr4","4p",3,5562.1199457453,29497.5662042879,0.184602045922403,35059.6861500332,"chr4",10600001,15599999,50,130
"131","Jan28","chr4","4p",4,5461.50645153474,29111.9431599527,0.18518652527362,34573.4496114875,"chr4",15600001,20599999,50,131
"132","Jan28","chr4","4p",5,5540.05368414156,29941.4488138273,0.181474738221644,35481.5024979689,"chr4",20600001,25599999,50,132
"133","Jan28","chr4","4p",6,5471.07463722405,28478.7321544926,0.192369221686192,33949.8067917166,"chr4",25600001,30599999,50,133
"134","Jan28","chr4","4p",7,5320.35848979099,28104.4155293397,0.190818098611887,33424.7740191308,"chr4",30600001,35799999,50,134
"135","Jan28","chr4","4p",8,5616.98745430369,28631.065201023,0.192845012592263,34248.0526553267,"chr4",35800001,40899999,50,135
"136","Jan28","chr4","4p",9,5495.08359116367,29652.7309777977,0.18360368342403,35147.8145689614,"chr4",40900001,45899999,50,136
"137","Jan28","chr4","4q",1,5537.72326583828,30553.8065308747,0.17626108100028,36091.5297967129,"chr4",185900001,190899999,50,137
"138","Jan28","chr4","4q",2,5389.89118154337,29065.3214900128,0.182514375950174,34455.2126715561,"chr4",180900001,185899999,50,138
"139","Jan28","chr4","4q",3,5220.73984766939,28972.8884295564,0.178882170042592,34193.6282772258,"chr4",175900001,180899999,50,139
"140","Jan28","chr4","4q",4,5408.457676221,29309.8810541288,0.182933461131016,34718.3387303499,"chr4",170900001,175899999,50,140
"141","Jan28","chr4","4q",5,5370.41392476603,28940.770054437,0.183583473885381,34311.1839792031,"chr4",165900001,170899999,50,141
"142","Jan28","chr4","4q",6,5171.91330844735,28106.0040287814,0.184149199526905,33277.9173372288,"chr4",160900001,165899999,50,142
"143","Jan28","chr4","4q",7,5474.92546576274,28858.1613490608,0.18780772825164,34333.0868148236,"chr4",155900001,160899999,50,143
"144","Jan28","chr4","4q",8,5699.65338117959,29961.9282735449,0.187766228741374,35661.5816547244,"chr4",150900001,155899999,50,144
"145","Jan28","chr4","4q",9,5490.12040330967,29627.6042822886,0.182104598996395,35117.7246855983,"chr4",145900001,150899999,50,145
"146","Jan28","chr4","4q",10,5510.39437926604,29441.17905931,0.184112195704574,34951.5734385761,"chr4",140900001,145899999,50,146
"147","Jan28","chr4","4q",11,5505.11528953424,28533.6614788956,0.193214508909724,34038.7767684298,"chr4",135900001,140899999,50,147
"148","Jan28","chr4","4q",12,4946.51472573077,26884.3968658497,0.187092909304574,31830.9115915805,"chr4",130900001,135899999,50,148
"149","Jan28","chr4","4q",13,5605.52578526012,28807.9221712435,0.194043086589368,34413.4479565036,"chr4",125900001,130899999,50,149
"150","Jan28","chr4","4q",14,5652.69654708809,29531.019830443,0.189205113776138,35183.7163775312,"chr4",120900001,125899999,50,150
"151","Jan28","chr4","4q",15,5098.65812586001,28060.6762591789,0.182153382981854,33159.334385039,"chr4",115900001,120899999,50,151
"152","Jan28","chr4","4q",16,5405.83583498622,29526.6449683747,0.181208294899826,34932.480803361,"chr4",110900001,115899999,50,152
"153","Jan28","chr4","4q",17,5720.92161002152,29238.8525049027,0.193574379629152,34959.7741149242,"chr4",105900001,110899999,50,153
"154","Jan28","chr4","4q",18,5552.71538378214,28800.5294796753,0.191847317743053,34353.2448634575,"chr4",100900001,105899999,50,154
"155","Jan28","chr4","4q",19,5322.5183446101,29136.2585227,0.180917228152243,34458.7768673101,"chr4",95900001,100899999,50,155
"156","Jan28","chr4","4q",20,5347.43633442587,29023.5671199721,0.18448987807373,34371.003454398,"chr4",90900001,95899999,50,156
"157","Jan28","chr4","4q",21,5836.88545152757,29134.5911586228,0.197563509688284,34971.4766101504,"chr4",85900001,90899999,50,157
"158","Jan28","chr4","4q",22,5814.49578032039,29707.570839594,0.193902110641253,35522.0666199145,"chr4",80900001,85899999,50,158
"159","Jan28","chr4","4q",23,5703.38639986296,29641.9892718087,0.190597861561854,35345.3756716716,"chr4",75900001,80899999,50,159
"160","Jan28","chr4","4q",24,5476.89365328704,29269.5478472294,0.185210741212644,34746.4415005165,"chr4",70800001,75899999,50,160
"161","Jan28","chr4","4q",25,5174.40783189601,28209.1751472552,0.183766297353783,33383.5829791513,"chr4",65700001,70799999,50,161
"162","Jan28","chr4","4q",26,5101.26760125247,27970.4756345995,0.183874843646285,33071.743235852,"chr4",60700001,65699999,50,162
"163","Jan28","chr4","4q",27,5307.80731144928,29113.8073280829,0.180137315129076,34421.6146395322,"chr4",55600001,60699999,50,163
"164","Jan28","chr5","5p",1,5223.75882335069,29754.3042143978,0.171618993653848,34978.0630377482,"chr5",100001,5099999,50,164
"165","Jan28","chr5","5p",2,5216.45634456981,29966.8257856402,0.169866764137868,35183.28213021,"chr5",5100001,10099999,50,165
"166","Jan28","chr5","5p",3,5484.24763225784,29446.9281824014,0.183415883733134,34931.1758146592,"chr5",10100001,15099999,50,166
"167","Jan28","chr5","5p",4,5291.41148985184,28791.8840704989,0.181729467623327,34083.2955603508,"chr5",15100001,20199999,50,167
"168","Jan28","chr5","5p",5,5172.07715508316,27322.3751348021,0.190253653953596,32494.4522898853,"chr5",20200001,25299999,50,168
"169","Jan28","chr5","5p",6,5269.71357594074,28168.4160389024,0.188915308080953,33438.1296148432,"chr5",25300001,30299999,50,169
"170","Jan28","chr5","5p",7,5503.14206119755,29427.5015383307,0.184115378068077,34930.6435995282,"chr5",30300001,35399999,50,170
"171","Jan28","chr5","5p",8,5797.18918130071,29420.5886326483,0.19513892394433,35217.777813949,"chr5",35400001,40399999,50,171
"172","Jan28","chr5","5p",9,5662.08812716692,28593.9404647005,0.196149681368758,34256.0285918674,"chr5",40400001,45399999,50,172
"173","Jan28","chr5","5q",1,5309.60212779008,27153.4857507734,0.192385947165381,32463.0878785631,"chr5",175500001,180699999,50,173
"174","Jan28","chr5","5q",2,5823.25271743801,30585.6483769111,0.187729473311662,36408.9010943488,"chr5",170400001,175399999,50,174
"175","Jan28","chr5","5q",3,5622.1795786309,30846.4887548245,0.179067093093778,36468.6683334553,"chr5",165400001,170399999,50,175
"176","Jan28","chr5","5q",4,5240.6185777022,29115.6450112323,0.178155038243341,34356.2635889346,"chr5",160400001,165399999,50,176
"177","Jan28","chr5","5q",5,5544.06103593195,29913.4777631613,0.181487214788125,35457.5387990932,"chr5",155400001,160399999,50,177
"178","Jan28","chr5","5q",6,5478.63299772498,29778.8428243876,0.180301251012654,35257.4758221125,"chr5",150300001,155399999,50,178
"179","Jan28","chr5","5q",7,5787.90360049635,29786.3778825412,0.190589490351532,35574.2814830374,"chr5",145300001,150299999,50,179
"180","Jan28","chr5","5q",8,5609.80340783765,29968.7901232809,0.18433057192361,35578.5935311184,"chr5",140300001,145299999,50,180
"181","Jan28","chr5","5q",9,5542.75921189856,29225.7789143696,0.186708438863288,34768.538126268,"chr5",135100001,140299999,50,181
"182","Jan28","chr5","5q",10,5721.39872286219,29152.3177763165,0.193501934110424,34873.7164991785,"chr5",130100001,135099999,50,182
"183","Jan28","chr5","5q",11,5504.97479504367,29734.9887475552,0.182416866874762,35239.9635425989,"chr5",125100001,130099999,50,183
"184","Jan28","chr5","5q",12,5651.51527231307,29884.5582953751,0.186695013538884,35536.0735676882,"chr5",120100001,125099999,50,184
"185","Jan28","chr5","5q",13,5578.97913301653,29402.3118935277,0.188225139391779,34981.2910265443,"chr5",115100001,120099999,50,185
"186","Jan28","chr5","5q",14,5482.84510974295,29601.2431798426,0.182013083706546,35084.0882895856,"chr5",110100001,115099999,50,186
"187","Jan28","chr5","5q",15,5457.28394675853,29193.3646639815,0.186356422170923,34650.6486107401,"chr5",105100001,110099999,50,187
"188","Jan28","chr5","5q",16,5270.62319974064,27944.2679931508,0.189670485752605,33214.8911928915,"chr5",100100001,105099999,50,188
"189","Jan28","chr5","5q",17,5223.46867999387,27436.2766385333,0.188349153606498,32659.7453185272,"chr5",95100001,100099999,50,189
"190","Jan28","chr5","5q",18,5518.26539853269,29100.6491189032,0.188404866557803,34618.914517436,"chr5",90000001,95099999,50,190
"191","Jan28","chr5","5q",19,5474.75878765854,28863.9053669511,0.189409420700903,34338.6641546097,"chr5",85000001,89999999,50,191
"192","Jan28","chr5","5q",20,5633.00135333896,29346.8586537414,0.191095148741624,34979.8600070805,"chr5",80000001,84999999,50,192
"193","Jan28","chr5","5q",21,5842.0736056252,29553.7614425024,0.194518862448996,35395.8350481276,"chr5",75000001,79999999,50,193
"194","Jan28","chr5","5q",22,5618.57573629526,29064.3329690274,0.190124674497243,34682.9087053226,"chr5",68200001,74999999,50,194
"195","Jan28","chr5","5q",23,5708.57072758087,29405.2821507068,0.191676266518498,35113.8528782877,"chr5",63200001,68199999,50,195
"196","Jan28","chr5","5q",24,5657.95722749178,29536.7075308847,0.188631182863846,35194.6647583765,"chr5",58200001,63199999,50,196
"197","Jan28","chr5","5q",25,5866.88646719999,29662.802163882,0.19454930633986,35529.688631082,"chr5",53200001,58199999,50,197
"198","Jan28","chr6","6p",1,5877.91824007181,30699.8901289289,0.18772989236523,36577.8083690005,"chr6",200001,5199999,50,198
"199","Jan28","chr6","6p",2,5759.55471090003,29338.6841689864,0.192538986500254,35098.2388798863,"chr6",5200001,10199999,50,199
"200","Jan28","chr6","6p",3,5863.59424931171,29406.2520036665,0.195419256568303,35269.8462529781,"chr6",10200001,15199999,50,200
"201","Jan28","chr6","6p",4,5820.80369676224,29611.2945909092,0.193184245064477,35432.0982876714,"chr6",15200001,20199999,50,201
"202","Jan28","chr6","6p",5,5727.62208148628,29401.4207571203,0.191798182290255,35129.0428386066,"chr6",20200001,25199999,50,202
"203","Jan28","chr6","6p",6,5755.34026586427,28028.1964356082,0.203349189254872,33783.5367014724,"chr6",25200001,30299999,50,203
"204","Jan28","chr6","6p",7,5680.72919073705,26670.0951998009,0.210584937871994,32350.8243905376,"chr6",30300001,35299999,50,204
"205","Jan28","chr6","6p",8,5798.75268552321,30545.0701728929,0.18696112754847,36343.8228584159,"chr6",35300001,40299999,50,205
"206","Jan28","chr6","6p",9,5872.20786212307,29874.4151967309,0.193737428208629,35746.6230588536,"chr6",40300001,45299999,50,206
"207","Jan28","chr6","6p",10,5761.5301369224,30623.1515537197,0.186044889994292,36384.6816906422,"chr6",45300001,50299999,50,207
"208","Jan28","chr6","6p",11,5492.74975114797,30000.9650404877,0.180323538635554,35493.7147916357,"chr6",50300001,55299999,50,208
"209","Jan28","chr6","6q",1,5163.46326337919,29303.0491127645,0.172936740350503,34466.5123761434,"chr6",165600001,170999999,50,209
"210","Jan28","chr6","6q",2,5466.599815702,29297.8054751137,0.183141197903644,34764.4052908157,"chr6",160600001,165599999,50,210
"211","Jan28","chr6","6q",3,5722.91682589013,29214.4960733394,0.192074604069859,34937.4128992293,"chr6",155400001,160599999,50,211
"212","Jan28","chr6","6q",4,5627.17710392893,29787.8651752716,0.185453343427034,35415.0422792005,"chr6",150400001,155399999,50,212
"213","Jan28","chr6","6q",5,5774.38573542871,29698.1871601994,0.192108155409581,35472.5728956281,"chr6",145400001,150399999,50,213
"214","Jan28","chr6","6q",6,5653.37109352728,28856.9061498678,0.194201356559519,34510.2772433951,"chr6",140400001,145399999,50,214
"215","Jan28","chr6","6q",7,6034.30458821066,29140.1023317857,0.204160406705463,35174.4069199964,"chr6",135400001,140399999,50,215
"216","Jan28","chr6","6q",8,5745.03683859248,29798.878244431,0.189466643367518,35543.9150830235,"chr6",130400001,135399999,50,216
"217","Jan28","chr6","6q",9,5480.96284828734,29559.5524254126,0.184093552799793,35040.5152737,"chr6",125400001,130399999,50,217
"218","Jan28","chr6","6q",10,5449.78193936534,29381.0550513513,0.184957781826675,34830.8369907167,"chr6",120400001,125399999,50,218
"219","Jan28","chr6","6q",11,5451.95279491865,29279.1523321323,0.184091694736801,34731.105127051,"chr6",115400001,120399999,50,219
"220","Jan28","chr6","6q",12,5681.4658488606,28921.7150051419,0.19351512782415,34603.1808540025,"chr6",110400001,115399999,50,220
"221","Jan28","chr6","6q",13,5865.80498872237,29164.7113681368,0.197138017871193,35030.5163568591,"chr6",105400001,110399999,50,221
"222","Jan28","chr6","6q",14,5140.80692058089,28545.9164178488,0.180704995909035,33686.7233384298,"chr6",100400001,105399999,50,222
"223","Jan28","chr6","6q",15,5414.2715669134,29553.9567086415,0.182271544073303,34968.228275555,"chr6",95100001,100399999,50,223
"224","Jan28","chr6","6q",16,5325.90271690634,28939.7463623069,0.183254483557203,34265.6490792133,"chr6",90100001,95099999,50,224
"225","Jan28","chr6","6q",17,5526.92159207813,29140.4219451382,0.186468510469636,34667.3435372163,"chr6",85100001,90099999,50,225
"226","Jan28","chr6","6q",18,5467.3650648376,29301.5597727993,0.184229555539152,34768.924837637,"chr6",80100001,85099999,50,226
"227","Jan28","chr6","6q",19,5239.73922971614,29031.9496791109,0.178314431477595,34271.6889088271,"chr6",75100001,80099999,50,227
"228","Jan28","chr6","6q",20,5517.50938717865,29373.8625273438,0.185904068600634,34891.3719145224,"chr6",70100001,75099999,50,228
"229","Jan28","chr6","6q",21,4992.09180254909,27725.8017748905,0.182078293536315,32717.8935774397,"chr6",65100001,70099999,50,229
"230","Jan28","chr7","7p",1,5395.52161312863,29722.2341767465,0.177633749714643,35117.7557898747,"chr7",100001,5199999,50,230
"231","Jan28","chr7","7p",2,5268.25302947819,26866.8950748946,0.193719718645955,32135.1481043726,"chr7",5200001,10199999,50,231
"232","Jan28","chr7","7p",3,5238.50335229848,29202.6733742401,0.178602950250756,34441.1767265387,"chr7",10200001,15199999,50,232
"233","Jan28","chr7","7p",4,5673.2650422215,29134.5475297506,0.193727708103745,34807.8125719722,"chr7",15200001,20199999,50,233
"234","Jan28","chr7","7p",5,5663.44948278684,29801.1178318568,0.186576042753606,35464.5673146437,"chr7",20200001,25199999,50,234
"235","Jan28","chr7","7p",6,6002.77136496273,30492.5688815553,0.193254739039777,36495.340246518,"chr7",25200001,30199999,50,235
"236","Jan28","chr7","7p",7,5383.00472550947,29671.1162584031,0.178242639743712,35054.1209839125,"chr7",30200001,35199999,50,236
"237","Jan28","chr7","7p",8,5780.60968150135,28687.4922904733,0.197910264867181,34468.1019719746,"chr7",35200001,40199999,50,237
"238","Jan28","chr7","7p",9,5688.03233070551,29710.9762016282,0.188342649202033,35399.0085323336,"chr7",40200001,45199999,50,238
"239","Jan28","chr7","7p",10,5371.1386609409,30515.7619680053,0.172418224015863,35886.9006289461,"chr7",45200001,50199999,50,239
"240","Jan28","chr7","7p",11,5317.85994648952,29169.430965498,0.179853667644191,34487.2909119875,"chr7",50200001,55399999,50,240
"241","Jan28","chr7","7q",1,5406.97745468079,29477.8740333799,0.180266236759215,34884.8514880603,"chr7",153900001,159099999,50,241
"242","Jan28","chr7","7q",2,5293.08025843591,27506.792231214,0.186593091748084,32799.8724896497,"chr7",148900001,153899999,50,242
"243","Jan28","chr7","7q",3,5470.32684274981,28720.536285132,0.187716270435038,34190.8631278818,"chr7",143800001,148899999,50,243
"244","Jan28","chr7","7q",4,5494.71247768479,27763.2436718645,0.195186511170823,33257.9561495491,"chr7",138200001,143799999,50,244
"245","Jan28","chr7","7q",5,5781.94563424029,29616.6465400821,0.19184812618445,35398.5921743224,"chr7",133200001,138199999,50,245
"246","Jan28","chr7","7q",6,5726.74463550956,29435.4671064563,0.190983801991551,35162.2117419657,"chr7",128000001,133199999,50,246
"247","Jan28","chr7","7q",7,5629.42745156472,29235.059992288,0.191294229236126,34864.4874438527,"chr7",123000001,127999999,50,247
"248","Jan28","chr7","7q",8,5297.41484362575,28929.4627874361,0.182662923459512,34226.8776310619,"chr7",118000001,122999999,50,248
"249","Jan28","chr7","7q",9,5380.40293584217,29675.0684812575,0.180237567677131,35055.4714170998,"chr7",113000001,117999999,50,249
"250","Jan28","chr7","7q",10,5441.23452686662,28747.5192538791,0.187597962306709,34188.7537807458,"chr7",108000001,112999999,50,250
"251","Jan28","chr7","7q",11,5674.27661442901,29162.0736332749,0.191169595911845,34836.3502477038,"chr7",103000001,107999999,50,251
"252","Jan28","chr7","7q",12,5231.25063897585,26237.527220658,0.196917877957403,31468.7778596334,"chr7",97700001,102999999,50,252
"253","Jan28","chr7","7q",13,5470.7128035339,29749.7582688612,0.181429292922964,35220.4710723952,"chr7",92700001,97699999,50,253
"254","Jan28","chr7","7q",14,5589.41811057083,28799.8168339684,0.192146325169545,34389.2349445393,"chr7",87700001,92699999,50,254
"255","Jan28","chr7","7q",15,5378.20207579478,28486.4345803966,0.189749562666308,33864.6366561915,"chr7",82700001,87699999,50,255
"256","Jan28","chr7","7q",16,5461.50663653942,29291.5018761169,0.186270434212819,34753.0085126564,"chr7",77700001,82699999,50,256
"257","Jan28","chr7","7q",17,5089.51058496435,24617.1616255173,0.204504643003833,29706.6722104813,"chr7",71500001,77699999,50,257
"258","Jan28","chr7","7q",18,5345.09209960455,30203.0581029917,0.173596491566333,35548.1502025961,"chr7",66500001,71499999,50,258
"259","Jan28","chr8","8p",1,5301.46082529764,29408.7286944466,0.177099406402862,34710.189519744,"chr8",100001,5099999,50,259
"260","Jan28","chr8","8p",2,5350.6092766987,29843.789812494,0.175470944077136,35194.3990891926,"chr8",5100001,11099999,50,260
"261","Jan28","chr8","8p",3,5207.70201126888,29775.280585757,0.173098953816184,34982.9825970258,"chr8",11100001,16599999,50,261
"262","Jan28","chr8","8p",4,5662.39499267317,30846.7509922999,0.179922586836638,36509.145984973,"chr8",16600001,21599999,50,262
"263","Jan28","chr8","8p",5,5535.78159196555,29619.3021789874,0.183722022404615,35155.0837709527,"chr8",21600001,26599999,50,263
"264","Jan28","chr8","8p",6,5691.94703979259,29760.0365638226,0.187681633422017,35451.983603615,"chr8",26600001,31599999,50,264
"265","Jan28","chr8","8p",7,5411.89617611628,29828.9598717811,0.178205645117553,35240.8560478974,"chr8",31600001,36599999,50,265
"266","Jan28","chr8","8p",8,5518.44337874363,29958.9284876778,0.181810746650426,35477.3718664212,"chr8",36600001,41599999,50,266
"267","Jan28","chr8","8q",1,5378.42695550179,29351.5354919787,0.181438699319579,34729.9624474801,"chr8",140900001,146299999,50,267
"268","Jan28","chr8","8q",2,5349.91432180524,30738.7050265933,0.170792828231844,36088.6193483985,"chr8",135900001,140899999,50,268
"269","Jan28","chr8","8q",3,5652.71119317046,29844.400093869,0.186405183574793,35497.1112870393,"chr8",130900001,135899999,50,269
"270","Jan28","chr8","8q",4,5949.74616412476,29676.7891879517,0.196952906141537,35626.5353520764,"chr8",125900001,130899999,50,270
"271","Jan28","chr8","8q",5,5930.65220287867,29690.0638151623,0.196292709416207,35620.7160180409,"chr8",120900001,125899999,50,271
"272","Jan28","chr8","8q",6,5569.81044813484,29969.0367678957,0.183144428287459,35538.8472160306,"chr8",115900001,120899999,50,272
"273","Jan28","chr8","8q",7,5075.91270399581,28721.6456268916,0.179343068588011,33797.5583308874,"chr8",110900001,115899999,50,273
"274","Jan28","chr8","8q",8,5940.86720984317,30081.2059488608,0.196178659618021,36022.0731587041,"chr8",105900001,110899999,50,274
"275","Jan28","chr8","8q",9,5679.73117117869,29524.5129174956,0.189960326956295,35204.2440886742,"chr8",100900001,105899999,50,275
"276","Jan28","chr8","8q",10,5736.84912505539,29175.7227600078,0.193414923797101,34912.5718850631,"chr8",95900001,100899999,50,276
"277","Jan28","chr8","8q",11,5540.43845532186,29840.0948036865,0.183305124841324,35380.5332590084,"chr8",90900001,95899999,50,277
"278","Jan28","chr8","8q",12,5377.26076055668,28620.9105341159,0.186390630749206,33998.1712946726,"chr8",85600001,90899999,50,278
"279","Jan28","chr8","8q",13,5470.35024510208,29424.9371826826,0.185119209041346,34895.2874277847,"chr8",80600001,85599999,50,279
"280","Jan28","chr8","8q",14,5278.67839122467,29255.5115165765,0.180542037368027,34534.1899078012,"chr8",75600001,80599999,50,280
"281","Jan28","chr8","8q",15,5708.08911649641,29684.2729293455,0.189086046867739,35392.3620458419,"chr8",70600001,75599999,50,281
"282","Jan28","chr8","8q",16,5549.28567524244,29517.5574569252,0.18464029998249,35066.8431321676,"chr8",65600001,70599999,50,282
"283","Jan28","chr8","8q",17,5459.13747101528,29969.8734793819,0.179761525498522,35429.0109503972,"chr8",60600001,65599999,50,283
"284","Jan28","chr8","8q",18,5581.74454418752,29787.1034854398,0.184587721180704,35368.8480296274,"chr8",55600001,60599999,50,284
"285","Jan28","chr8","8q",19,5311.83103880145,29382.0871774107,0.17745505645709,34693.9182162122,"chr8",50600001,55599999,50,285
"286","Jan28","chr9","9p",1,5643.50150520363,29684.3058269128,0.187497015625505,35327.8073321164,"chr9",200001,5199999,50,286
"287","Jan28","chr9","9p",2,5627.15585355785,29800.4269143123,0.187250786649184,35427.5827678701,"chr9",5200001,10199999,50,287
"288","Jan28","chr9","9p",3,5427.04833069082,29292.8022440302,0.184405521890354,34719.850574721,"chr9",10200001,15199999,50,288
"289","Jan28","chr9","9p",4,5571.4038355085,29998.0444805257,0.182932490879564,35569.4483160342,"chr9",15200001,20199999,50,289
"290","Jan28","chr9","9p",5,5445.74429365694,28677.8307804128,0.188571722647987,34123.5750740697,"chr9",20200001,25199999,50,290
"291","Jan28","chr9","9p",6,5301.35174284584,29080.0592487425,0.181399394954666,34381.4109915884,"chr9",25200001,30199999,50,291
"292","Jan28","chr9","9p",7,5379.48821530997,28671.5395713979,0.185421338005685,34051.0277867078,"chr9",30200001,35199999,50,292
"293","Jan28","chr9","9q",1,5598.4202865309,30388.1882919184,0.181901856704035,35986.6085784489,"chr9",135800001,141099999,50,293
"294","Jan28","chr9","9q",2,5740.33331165774,29175.5309675437,0.19291543324182,34915.8642792009,"chr9",130500001,135799999,50,294
"295","Jan28","chr9","9q",3,5914.39960031749,30108.4953178107,0.192706754099037,36022.8949181279,"chr9",125500001,130499999,50,295
"296","Jan28","chr9","9q",4,5701.43671606943,30263.8088232771,0.185683829970727,35965.2455393464,"chr9",120500001,125499999,50,296
"297","Jan28","chr9","9q",5,5621.4570785581,30401.8570096799,0.181933970579278,36023.3140882379,"chr9",115500001,120499999,50,297
"298","Jan28","chr9","9q",6,5900.89851712208,30147.3516790014,0.192532320913717,36048.2501961234,"chr9",110500001,115499999,50,298
"299","Jan28","chr9","9q",7,5658.52390312647,30215.8859819398,0.1843773193271,35874.4098850663,"chr9",105500001,110499999,50,299
"300","Jan28","chr9","9q",8,5735.72619572609,30190.8995322042,0.187333212553724,35926.6257279302,"chr9",100500001,105499999,50,300
"301","Jan28","chr9","9q",9,5620.99497905328,28709.0257502003,0.192547878799574,34330.0207292533,"chr9",95500001,100499999,50,301
"302","Jan28","chr9","9q",10,5738.46957561461,29844.6098086838,0.188617774732834,35583.0793842982,"chr9",90100001,95499999,50,302
"303","Jan28","chr9","9q",11,5620.52012604921,29908.6666849099,0.184250600950676,35529.1868109591,"chr9",85100001,90099999,50,303
"304","Jan28","chr9","9q",12,5662.47632575287,29529.5424592594,0.188425120632757,35192.0187850123,"chr9",80100001,85099999,50,304
"305","Jan28","chr9","9q",13,5648.65456983533,30115.5477423272,0.185660022766705,35764.2023121626,"chr9",75100001,80099999,50,305
"306","Jan28","chr10","10p",1,5459.98021965089,30003.9832921009,0.17819121407756,35463.9635117516,"chr10",100001,5099999,50,306
"307","Jan28","chr10","10p",2,5742.00375577216,29289.3903870402,0.192703682033175,35031.3941428122,"chr10",5100001,10099999,50,307
"308","Jan28","chr10","10p",3,5713.56157285795,30013.2290616557,0.18709832435217,35726.7906345135,"chr10",10100001,15099999,50,308
"309","Jan28","chr10","10p",4,5588.94653883853,29820.8035662846,0.184746736116531,35409.7501051231,"chr10",15100001,20499999,50,309
"310","Jan28","chr10","10p",5,5620.53350651188,30107.1800807415,0.183551154975576,35727.7135872534,"chr10",20500001,25499999,50,310
"311","Jan28","chr10","10p",6,5715.71293907085,30051.665368479,0.18686200512112,35767.3783075498,"chr10",25500001,30499999,50,311
"312","Jan28","chr10","10p",7,5900.71986621343,29326.9848019383,0.198154835204918,35227.7046681517,"chr10",30500001,35499999,50,312
"313","Jan28","chr10","10q",1,5353.8399344571,31484.5356747824,0.166539187814138,36838.3756092391,"chr10",130100001,135499999,50,313
"314","Jan28","chr10","10q",2,5693.45435426281,31270.2866928331,0.178311634876924,36963.7410470957,"chr10",124700001,130099999,50,314
"315","Jan28","chr10","10q",3,5511.73224173991,30641.1122874699,0.177306042307427,36152.8445292096,"chr10",119700001,124699999,50,315
"316","Jan28","chr10","10q",4,5687.44628463216,30849.5955915096,0.181394865349469,36537.0418761417,"chr10",114700001,119699999,50,316
"317","Jan28","chr10","10q",5,5711.46158825383,29573.1536825081,0.189412439448955,35284.6152707619,"chr10",109700001,114699999,50,317
"318","Jan28","chr10","10q",6,5587.76102335959,29696.5903951142,0.184659445672174,35284.3514184738,"chr10",104700001,109699999,50,318
"319","Jan28","chr10","10q",7,5814.59940254645,29585.7333367165,0.193223205336984,35400.3327392627,"chr10",99700001,104699999,50,319
"320","Jan28","chr10","10q",8,5622.10689497527,29947.9282096789,0.18499107133289,35570.035104654,"chr10",94700001,99699999,50,320
"321","Jan28","chr10","10q",9,5849.07068619523,29118.0942619435,0.197911128227774,34967.1649481388,"chr10",89700001,94699999,50,321
"322","Jan28","chr10","10q",10,5419.11099673089,29573.0442737431,0.180058971978158,34992.155270474,"chr10",84500001,89699999,50,322
"323","Jan28","chr10","10q",11,5361.34640311955,29733.4971329221,0.177421994493192,35094.8435360415,"chr10",79400001,84499999,50,323
"324","Jan28","chr10","10q",12,5990.63912429547,29837.0865702178,0.198029065616849,35827.7256945131,"chr10",74400001,79399999,50,324
"325","Jan28","chr10","10q",13,5764.10802756725,30086.9622167869,0.188262908703859,35851.0702443538,"chr10",69400001,74399999,50,325
"326","Jan28","chr10","10q",14,5426.74286023154,29631.3353364351,0.181897503372231,35058.0781966667,"chr10",64400001,69399999,50,326
"327","Jan28","chr10","10q",15,5637.27810310653,30238.7193467597,0.183622788379915,35875.9974498663,"chr10",59400001,64399999,50,327
"328","Jan28","chr10","10q",16,5125.90969560489,28905.7128376865,0.177867377236843,34031.6225332914,"chr10",54400001,59399999,50,328
"329","Jan28","chr10","10q",17,5414.45552756629,28837.5205435309,0.185501406491086,34251.976071097,"chr10",47600001,54399999,50,329
"330","Jan28","chr11","11p",1,5359.56755674407,27516.9589639324,0.193170934309457,32876.5265206762,"chr11",100001,5299999,50,330
"331","Jan28","chr11","11p",2,5724.72701418772,29417.726571612,0.191402671163061,35142.4535857996,"chr11",5300001,10299999,50,331
"332","Jan28","chr11","11p",3,5757.39482083693,30549.3951831114,0.186252036817505,36306.7900039482,"chr11",10300001,15299999,50,332
"333","Jan28","chr11","11p",4,5717.6892336741,30565.092685636,0.183739568547109,36282.78191931,"chr11",15300001,20299999,50,333
"334","Jan28","chr11","11p",5,5320.78885055754,29077.8455494201,0.182124598188117,34398.6343999777,"chr11",20300001,25299999,50,334
"335","Jan28","chr11","11p",6,5421.42015836342,29049.7148240204,0.184669129485859,34471.1349823839,"chr11",25300001,30299999,50,335
"336","Jan28","chr11","11p",7,5728.29938580285,30289.0412845582,0.186609535367915,36017.340670361,"chr11",30300001,35299999,50,336
"337","Jan28","chr11","11p",8,5466.44172078298,29626.7952760602,0.182435669357664,35093.2369968432,"chr11",35300001,40299999,50,337
"338","Jan28","chr11","11p",9,5525.52897398384,29330.6679638721,0.185233002457129,34856.1969378558,"chr11",40300001,45299999,50,338
"339","Jan28","chr11","11p",10,5240.53638784375,26617.0899387671,0.193989193222161,31857.6263266107,"chr11",45300001,50399999,50,339
"340","Jan28","chr11","11q",1,5434.60950295071,31575.1315717382,0.16907409334941,37009.7410746887,"chr11",129900001,134899999,50,340
"341","Jan28","chr11","11q",2,5612.29841213042,30426.2646901812,0.182449061399772,36038.5631023115,"chr11",124900001,129899999,50,341
"342","Jan28","chr11","11q",3,5773.69642428811,31117.8502379722,0.182126770431342,36891.5466622602,"chr11",119900001,124899999,50,342
"343","Jan28","chr11","11q",4,5641.45933721298,30555.3046318107,0.182506701146633,36196.7639690234,"chr11",114900001,119899999,50,343
"344","Jan28","chr11","11q",5,5433.22126552445,30491.8709118469,0.175193650466149,35925.0921773712,"chr11",109900001,114899999,50,344
"345","Jan28","chr11","11q",6,5545.87803226035,29609.9782315558,0.18488450074844,35155.8562638161,"chr11",104900001,109899999,50,345
"346","Jan28","chr11","11q",7,5401.52345766551,29564.0986045167,0.180647445850247,34965.6220621822,"chr11",99900001,104899999,50,346
"347","Jan28","chr11","11q",8,5424.93863537404,28840.0271537036,0.186931309594525,34264.9657890777,"chr11",94600001,99899999,50,347
"348","Jan28","chr11","11q",9,5294.60620598955,28927.4714322482,0.180446983711504,34222.0776382377,"chr11",89300001,94599999,50,348
"349","Jan28","chr11","11q",10,5674.82308331708,29433.9160689069,0.191470399016892,35108.739152224,"chr11",84100001,89299999,50,349
"350","Jan28","chr11","11q",11,5458.52364543651,30180.8548290285,0.178327563698076,35639.378474465,"chr11",79100001,84099999,50,350
"351","Jan28","chr11","11q",12,5885.442874447,29827.5359868951,0.19396899804283,35712.9788613419,"chr11",74100001,79099999,50,351
"352","Jan28","chr11","11q",13,5905.1224276439,29838.0303544237,0.195299436930796,35743.1527820672,"chr11",68800001,74099999,50,352
"353","Jan28","chr11","11q",14,5656.25460737353,26684.1074055387,0.208751806981466,32340.3620129117,"chr11",63800001,68799999,50,353
"354","Jan28","chr11","11q",15,5721.48053127297,28718.6838476094,0.1960824228088,34440.1643788821,"chr11",58800001,63799999,50,354
"355","Jan28","chr12","12p",1,5809.19000503257,30263.5722876657,0.189081420509673,36072.7622926979,"chr12",200001,5199999,50,355
"356","Jan28","chr12","12p",2,5457.00950911176,27094.2998933443,0.199965260249548,32551.3094024559,"chr12",5200001,10499999,50,356
"357","Jan28","chr12","12p",3,5707.32094667751,29168.5411561511,0.193292862835522,34875.8621028285,"chr12",10500001,15499999,50,357
"358","Jan28","chr12","12p",4,5493.21077119358,29618.2288914532,0.183325759904971,35111.4396626468,"chr12",15500001,20499999,50,358
"359","Jan28","chr12","12p",5,5528.88653877767,29547.6435207791,0.185524222482438,35076.5300595568,"chr12",20500001,25499999,50,359
"360","Jan28","chr12","12p",6,5868.85941101955,30000.3005589966,0.193280300965513,35869.1599700162,"chr12",25500001,30499999,50,360
"361","Jan28","chr12","12q",1,5124.94537372078,29353.6135473554,0.173104051856002,34478.5589210758,"chr12",128500001,133799999,50,361
"362","Jan28","chr12","12q",2,5552.16607386962,29622.2038942633,0.18402828425957,35174.3699681327,"chr12",123500001,128499999,50,362
"363","Jan28","chr12","12q",3,5802.89528287425,28187.032118073,0.201682810636124,33989.9274009469,"chr12",118400001,123499999,50,363
"364","Jan28","chr12","12q",4,5647.96709384432,31155.1594824886,0.178441443242981,36803.1265763326,"chr12",113400001,118399999,50,364
"365","Jan28","chr12","12q",5,5635.53208479217,29531.7537435166,0.188501225740022,35167.2858283085,"chr12",108200001,113399999,50,365
"366","Jan28","chr12","12q",6,5724.88026930861,30028.2067191743,0.186852963843614,35753.0869884828,"chr12",103200001,108199999,50,366
"367","Jan28","chr12","12q",7,5602.80764268415,29606.1130082266,0.186383062862445,35208.9206509108,"chr12",98200001,103199999,50,367
"368","Jan28","chr12","12q",8,5760.97883681553,29040.0722284949,0.194532787403012,34801.0510653104,"chr12",93200001,98199999,50,368
"369","Jan28","chr12","12q",9,5687.67270045165,28952.0327789287,0.195414747509354,34639.7054793804,"chr12",88200001,93199999,50,369
"370","Jan28","chr12","12q",10,5111.68095747679,28815.6657210622,0.178667992450066,33927.346678539,"chr12",83200001,88199999,50,370
"371","Jan28","chr12","12q",11,5363.006627823,29253.7747351325,0.182543752822968,34616.7813629556,"chr12",78200001,83199999,50,371
"372","Jan28","chr12","12q",12,5526.14406509934,29133.8358936628,0.188992488891228,34659.9799587622,"chr12",73200001,78199999,50,372
"373","Jan28","chr12","12q",13,5694.30600466401,28980.2734837714,0.194245677087267,34674.5794884354,"chr12",68200001,73199999,50,373
"374","Jan28","chr12","12q",14,5743.00381831103,29942.1671800357,0.189518329054631,35685.1709983468,"chr12",63200001,68199999,50,374
"375","Jan28","chr12","12q",15,5454.59935370131,29124.7671109474,0.186153936485231,34579.3664646487,"chr12",58200001,63199999,50,375
"376","Jan28","chr12","12q",16,5568.87698730477,27317.9889327807,0.200849966232677,32886.8659200851,"chr12",53200001,58199999,50,376
"377","Jan28","chr12","12q",17,5803.55139258407,28901.6117793904,0.196736486504397,34705.1631719742,"chr12",48200001,53199999,50,377
"378","Jan28","chr12","12q",18,5750.47179486414,29206.3948711857,0.194598818159691,34956.8666660499,"chr12",43200001,48199999,50,378
"379","Jan28","chr12","12q",19,5298.03383057399,27719.6871730834,0.190534400427269,33017.7210036574,"chr12",38200001,43199999,50,379
"380","Jan28","chr13","13q",1,5529.19511391411,28860.6291502418,0.187733455493788,34389.8242641556,"chr13",109400001,115099999,50,380
"381","Jan28","chr13","13q",2,5494.64035412109,29602.5817037335,0.183106145962829,35097.2220578546,"chr13",104400001,109399999,50,381
"382","Jan28","chr13","13q",3,5524.29664738112,29584.676481394,0.183233786450461,35108.973128775,"chr13",99400001,104399999,50,382
"383","Jan28","chr13","13q",4,5644.17662582536,29652.4612034522,0.187766149427787,35296.6378292775,"chr13",94400001,99399999,50,383
"384","Jan28","chr13","13q",5,5421.03035475698,28693.4621016813,0.188832437538282,34114.4924564383,"chr13",89400001,94399999,50,384
"385","Jan28","chr13","13q",6,5182.83222459186,28176.0273403918,0.185785947769581,33358.8595649837,"chr13",84100001,89399999,50,385
"386","Jan28","chr13","13q",7,5224.66319256656,28662.8135024178,0.182393269093385,33887.4766949844,"chr13",79100001,84099999,50,386
"387","Jan28","chr13","13q",8,5639.37533948026,29654.3962038213,0.187525693891569,35293.7715433017,"chr13",74100001,79099999,50,387
"388","Jan28","chr13","13q",9,5367.27684361005,28679.196971397,0.188793135663999,34046.4738150071,"chr13",69100001,74099999,50,388
"389","Jan28","chr13","13q",10,5285.62074568321,28219.3814840598,0.189062071414291,33505.0022297431,"chr13",64100001,69099999,50,389
"390","Jan28","chr13","13q",11,5486.23360901833,28995.462984633,0.189057867134583,34481.6965936513,"chr13",59100001,64099999,50,390
"391","Jan28","chr13","13q",12,5239.95929245236,27790.0220165016,0.191793761387197,33029.981308954,"chr13",54100001,59099999,50,391
"392","Jan28","chr13","13q",13,5703.83895690255,27903.159597138,0.200320629872062,33606.9985540405,"chr13",49100001,54099999,50,392
"393","Jan28","chr13","13q",14,5829.16322174413,29250.439692453,0.196534532942619,35079.6029141971,"chr13",44100001,49099999,50,393
"394","Jan28","chr13","13q",15,5809.45597131786,29531.2565815483,0.193422633085725,35340.7125528662,"chr13",39100001,44099999,50,394
"395","Jan28","chr13","13q",16,5336.98820205544,29111.0680410426,0.181565418626108,34448.0562430981,"chr13",34100001,39099999,50,395
"396","Jan28","chr13","13q",17,5893.3729674822,29854.1690397826,0.19331320610994,35747.5420072648,"chr13",29100001,34099999,50,396
"397","Jan28","chr13","13q",18,5806.13845389818,30169.6894497495,0.188670245890226,35975.8279036476,"chr13",24100001,29099999,50,397
"398","Jan28","chr14","14q",1,5567.08386263974,29273.012004779,0.185966209746223,34840.0958674184,"chr14",102200001,107199999,50,398
"399","Jan28","chr14","14q",2,5555.03494262012,31255.858133854,0.174245243392636,36810.8930764739,"chr14",97200001,102199999,50,399
"400","Jan28","chr14","14q",3,5627.72303938329,31321.7666522283,0.177254292123122,36949.4896916113,"chr14",92200001,97199999,50,400
"401","Jan28","chr14","14q",4,5784.33850905548,29274.757908595,0.193713736623616,35059.0964176503,"chr14",87200001,92199999,50,401
"402","Jan28","chr14","14q",5,5304.20194368002,29491.8164966022,0.178657366618822,34796.0184402823,"chr14",82200001,87199999,50,402
"403","Jan28","chr14","14q",6,5536.85801867324,30222.0290824086,0.181173483982595,35758.8871010818,"chr14",77200001,82199999,50,403
"404","Jan28","chr14","14q",7,5783.56604714786,29791.1990886326,0.190594332687054,35574.7651357802,"chr14",72200001,77199999,50,404
"405","Jan28","chr14","14q",8,6100.95565314062,29531.6812334323,0.203220786726605,35632.6368865728,"chr14",67200001,72199999,50,405
"406","Jan28","chr14","14q",9,5676.20696914204,29857.7383597763,0.186943163354691,35533.9453289183,"chr14",62200001,67199999,50,406
"407","Jan28","chr14","14q",10,5826.10423171416,30222.7125000675,0.189894850545293,36048.8167317816,"chr14",57200001,62199999,50,407
"408","Jan28","chr14","14q",11,5832.34382254979,29395.1555059914,0.194822652387419,35227.4993285411,"chr14",52200001,57199999,50,408
"409","Jan28","chr14","14q",12,5564.94646578333,28969.4140592288,0.190842417231979,34534.3605250121,"chr14",47200001,52199999,50,409
"410","Jan28","chr14","14q",13,5146.1789447083,28569.1233926768,0.180606828741458,33715.3023373852,"chr14",42200001,47199999,50,410
"411","Jan28","chr14","14q",14,5296.28384861537,28728.7920830077,0.183181092145254,34025.0759316231,"chr14",37200001,42199999,50,411
"412","Jan28","chr14","14q",15,5724.97734937155,30167.2005549199,0.186859400188483,35892.1779042914,"chr14",32200001,37199999,50,412
"413","Jan28","chr14","14q",16,5544.45447807364,29029.2916847025,0.190209423075433,34573.7461627762,"chr14",27200001,32199999,50,413
"414","Jan28","chr14","14q",17,5587.01145562994,28976.026854975,0.190852461849887,34563.0383106048,"chr14",22200001,27199999,50,414
"415","Jan28","chr15","15q",1,5614.74126433616,29202.2150097292,0.188555104420933,34816.9562740652,"chr15",97400001,102399999,50,415
"416","Jan28","chr15","15q",2,5768.93332498458,30828.2928377919,0.184230521542869,36597.2261627764,"chr15",92400001,97399999,50,416
"417","Jan28","chr15","15q",3,5754.09986417821,29653.3713621944,0.191120345992097,35407.4712263723,"chr15",87400001,92399999,50,417
"418","Jan28","chr15","15q",4,5632.34743485447,29416.9115059691,0.18994462995624,35049.2589408234,"chr15",81600001,87399999,50,418
"419","Jan28","chr15","15q",5,5799.02254696929,30904.211716402,0.184774838445608,36703.234263371,"chr15",76600001,81599999,50,419
"420","Jan28","chr15","15q",6,5651.7486045485,29841.0506528079,0.187261603334198,35492.7992573562,"chr15",71600001,76599999,50,420
"421","Jan28","chr15","15q",7,6113.65902447085,31016.6291913688,0.193161866821306,37130.2882158394,"chr15",66600001,71599999,50,421
"422","Jan28","chr15","15q",8,5935.64982713832,29833.097797723,0.197203961492974,35768.7476248611,"chr15",61600001,66599999,50,422
"423","Jan28","chr15","15q",9,5934.66461574426,30643.8504001075,0.191489393841177,36578.5150158517,"chr15",56600001,61599999,50,423
"424","Jan28","chr15","15q",10,5839.36544500748,30641.7969944155,0.188067743633133,36481.162439423,"chr15",51600001,56599999,50,424
"425","Jan28","chr15","15q",11,5849.47104269263,29703.936533607,0.194758882378956,35553.4075762996,"chr15",46600001,51599999,50,425
"426","Jan28","chr15","15q",12,5583.12716556454,27949.3510394751,0.196209848634551,33532.4782050395,"chr15",41600001,46599999,50,426
"427","Jan28","chr15","15q",13,6003.48992676048,29718.9728020389,0.198457902082751,35722.4627287993,"chr15",36600001,41599999,50,427
"428","Jan28","chr15","15q",14,5517.10957216026,29493.7001462216,0.183940252114399,35010.8097183818,"chr15",31200001,36599999,50,428
"429","Jan28","chr15","15q",15,5297.11168431955,29086.3861422383,0.179036122036629,34383.4978265578,"chr15",25100001,31199999,50,429
"430","Jan28","chr16","16p",1,5394.5332699244,NA,NA,31654.2243846551,"chr16",100001,5099999,50,430
"431","Jan28","chr16","16p",2,5380.89623215236,30676.3246518871,0.171825934299608,36057.2208840393,"chr16",5100001,10199999,50,431
"432","Jan28","chr16","16p",3,5469.49051469643,28779.4951873646,0.185553724963746,34248.9857020607,"chr16",10200001,15599999,50,432
"433","Jan28","chr16","16p",4,5421.01575354272,28751.1736682348,0.184506986236138,34172.1894217773,"chr16",15600001,21599999,50,433
"434","Jan28","chr16","16p",5,5482.84797411886,29771.2396476963,0.18237327891363,35254.087621815,"chr16",21600001,26799999,50,434
"435","Jan28","chr16","16p",6,5099.18908615438,24315.7133392561,0.20902113524577,29414.9024254101,"chr16",26800001,32599999,50,435
"436","Jan28","chr16","16q",1,5671.20994161854,28998.69276081,0.193469341671518,34669.9027024281,"chr16",85000001,90199999,50,436
"437","Jan28","chr16","16q",2,5751.27712589004,30625.5834707105,0.184309136721552,36376.8605966003,"chr16",80000001,84999999,50,437
"438","Jan28","chr16","16q",3,5561.06112522583,30805.7295792166,0.177433582061837,36366.7907044423,"chr16",75000001,79999999,50,438
"439","Jan28","chr16","16q",4,5342.71549636698,28456.3327942466,0.184336871659183,33799.0482906133,"chr16",69700001,74999999,50,439
"440","Jan28","chr16","16q",5,5611.53272036181,28867.4142483327,0.191901216612241,34478.9469686942,"chr16",64700001,69699999,50,440
"441","Jan28","chr16","16q",6,5404.53520739188,29242.8674709044,0.183171505529588,34647.4026782964,"chr16",59700001,64699999,50,441
"442","Jan28","chr16","16q",7,5742.77527966502,30377.9031561082,0.185330249527294,36120.678435773,"chr16",54700001,59699999,50,442
"443","Jan28","chr16","16q",8,5584.39605122885,30450.2450230258,0.180774953879671,36034.6410742545,"chr16",49700001,54699999,50,443
"444","Jan28","chr17","17p",1,5739.72567536182,26896.2445750825,0.208936911629765,32635.9702504439,"chr17",1,5199999,50,444
"445","Jan28","chr17","17p",2,5627.9362549196,29433.5755557565,0.190022946001149,35061.5118106757,"chr17",5200001,10199999,50,445
"446","Jan28","chr17","17p",3,5501.11681834374,30564.7021228447,0.175981615797052,36065.8189411884,"chr17",10200001,15199999,50,446
"447","Jan28","chr17","17p",4,5164.38008724567,26218.9497398101,0.191706302358382,31383.3298270554,"chr17",15200001,20699999,50,447
"448","Jan28","chr17","17q",1,5567.32113192269,28460.4270276085,0.191920289798954,34027.7481595307,"chr17",76000001,81195210,50,448
"449","Jan28","chr17","17q",2,6047.66435312128,29238.3290281455,0.202461753028218,35285.9933812663,"chr17",71000001,75999999,50,449
"450","Jan28","chr17","17q",3,5756.19776791099,30108.1118235597,0.18909224313511,35864.3095914707,"chr17",66000001,70999999,50,450
"451","Jan28","chr17","17q",4,5852.82098425123,29336.3456765727,0.197131512712838,35189.1666608238,"chr17",60900001,65999999,50,451
"452","Jan28","chr17","17q",5,5666.97421321149,28113.8641019701,0.197701950299636,33780.8383151815,"chr17",55900001,60899999,50,452
"453","Jan28","chr17","17q",6,5736.56931932864,30394.462766265,0.185771933164849,36131.0320855936,"chr17",50900001,55899999,50,453
"454","Jan28","chr17","17q",7,5812.84904005895,29698.4733882535,0.191757281793943,35511.3224283122,"chr17",45900001,50899999,50,454
"455","Jan28","chr17","17q",8,5656.89511648779,27145.6297833908,0.205267915146664,32802.5248998782,"chr17",40600001,45899999,50,455
"456","Jan28","chr17","17q",9,5633.95773466011,28598.7727747631,0.193553552857643,34232.7305094228,"chr17",35600001,40599999,50,456
"457","Jan28","chr17","17q",10,5655.8036628181,31038.5600751983,0.179793004139837,36694.3637380162,"chr17",30300001,35599999,50,457
"458","Jan28","chr17","17q",11,5802.90825648498,27332.0646920089,0.208390101009426,33134.9729484936,"chr17",25300001,30299999,50,458
"459","Jan28","chr18","18p",1,5625.72224152224,29199.0499311612,0.1904584194497,34824.7721726834,"chr18",100001,5099999,50,459
"460","Jan28","chr18","18p",2,5661.36828333653,30220.7872851441,0.184272317699826,35882.1555684806,"chr18",5100001,10099999,50,460
"461","Jan28","chr18","18q",1,5258.19521889074,29211.1058613118,0.177070149362995,34469.3010802023,"chr18",72900001,77999999,50,461
"462","Jan28","chr18","18q",2,5403.01619859005,29621.0469325539,0.180103164983242,35024.063131144,"chr18",67700001,72899999,50,462
"463","Jan28","chr18","18q",3,5400.96441386536,29094.2652658663,0.186841455719232,34495.2296797317,"chr18",62700001,67699999,50,463
"464","Jan28","chr18","18q",4,5622.92258407254,29535.1604545924,0.187806332117048,35158.0830386649,"chr18",57700001,62699999,50,464
"465","Jan28","chr18","18q",5,5827.67772929948,30416.4052907073,0.188497397611198,36244.0830200067,"chr18",52700001,57699999,50,465
"466","Jan28","chr18","18q",6,5565.35264355453,29950.3139424052,0.183103385504105,35515.6665859597,"chr18",47400001,52699999,50,466
"467","Jan28","chr18","18q",7,5823.02850140379,30939.8246651914,0.185925650204901,36762.8531665949,"chr18",42400001,47399999,50,467
"468","Jan28","chr18","18q",8,5395.87012558831,29943.0477417318,0.178407431822355,35338.9178673202,"chr18",37400001,42399999,50,468
"469","Jan28","chr18","18q",9,5828.42414822307,30521.1616904257,0.18860540304831,36349.5858386487,"chr18",32400001,37399999,50,469
"470","Jan28","chr18","18q",10,5306.33360017813,29504.5105952398,0.178332346018313,34810.8441954179,"chr18",27400001,32399999,50,470
"471","Jan28","chr18","18q",11,5580.07118728759,30281.4386836232,0.181996807090513,35861.5098709108,"chr18",22400001,27399999,50,471
"472","Jan28","chr19","19p",1,5410.54013823707,25680.33401298,0.207464758829426,31090.8741512166,"chr19",200001,5199999,50,472
"473","Jan28","chr19","19p",2,5456.39987652526,27071.5510819199,0.197468569332827,32527.9509584447,"chr19",5200001,10499999,50,473
"474","Jan28","chr19","19p",3,5684.33553576796,25729.3720001322,0.218135742664515,31413.7075358997,"chr19",10500001,15499999,50,474
"475","Jan28","chr19","19p",4,5579.01156347175,26333.9999848743,0.207592833882089,31913.0115483456,"chr19",15500001,20499999,50,475
"476","Jan28","chr19","19q",1,5187.67017456526,25068.9528960923,0.203552221458227,30256.6230706572,"chr19",54100001,59099999,50,476
"477","Jan28","chr19","19q",2,5485.84209990553,26278.1931398196,0.205651876852741,31764.0352397247,"chr19",49100001,54099999,50,477
"478","Jan28","chr19","19q",3,5548.27601936057,26111.6923444193,0.208734678485641,31659.9683637794,"chr19",44100001,49099999,50,478
"479","Jan28","chr19","19q",4,5230.92220775856,27164.0145874492,0.190713766297523,32394.9367952074,"chr19",39100001,44099999,50,479
"480","Jan28","chr19","19q",5,5479.32163038146,27226.2419842818,0.198378859391269,32705.5636146629,"chr19",34100001,39099999,50,480
"481","Jan28","chr19","19q",6,5532.88766878104,31672.9637986317,0.171301145880588,37205.8514674124,"chr19",29100001,34099999,50,481
"482","Jan28","chr20","20p",1,5779.25342499581,28674.8394379398,0.197990060590085,34454.0928629353,"chr20",100001,5099999,50,482
"483","Jan28","chr20","20p",2,5723.12867800504,30055.9232690688,0.187730848634671,35779.0519470739,"chr20",5100001,10099999,50,483
"484","Jan28","chr20","20p",3,5578.25920244945,30524.3730619438,0.179331203807988,36102.6322643933,"chr20",10100001,15099999,50,484
"485","Jan28","chr20","20p",4,5572.01975896235,30260.0584804151,0.18017820488047,35832.0782393773,"chr20",15100001,20099999,50,485
"486","Jan28","chr20","20p",5,5681.99536771549,30995.7007731163,0.17971748637254,36677.6961408316,"chr20",20100001,25099999,50,486
"487","Jan28","chr20","20q",1,5640.86534071717,30826.0342469187,0.179054504626159,36466.8995876355,"chr20",57600001,62899999,50,487
"488","Jan28","chr20","20q",2,5521.05494236328,31120.836428751,0.175473830674627,36641.8913711141,"chr20",52600001,57599999,50,488
"489","Jan28","chr20","20q",3,5621.17131376105,29113.7416005359,0.189950305085386,34734.9129142967,"chr20",47600001,52599999,50,489
"490","Jan28","chr20","20q",4,5712.60785532845,30781.2600135019,0.183475445505923,36493.8678688299,"chr20",42600001,47599999,50,490
"491","Jan28","chr20","20q",5,5615.71195928172,31143.5111991265,0.176629287260807,36759.2231584081,"chr20",37600001,42599999,50,491
"492","Jan28","chr20","20q",6,5953.99681197406,29146.09252211,0.199522742527578,35100.0893340837,"chr20",32400001,37599999,50,492
"493","Jan28","chr21","21q",1,5866.71879133603,29829.5680796915,0.191306922668638,35696.286871027,"chr21",42800001,48099999,50,493
"494","Jan28","chr21","21q",2,5722.92975166592,30512.407066178,0.184000713868662,36235.3368178437,"chr21",37800001,42799999,50,494
"495","Jan28","chr21","21q",3,5723.77098763994,29589.4757127972,0.190635307364042,35313.2467004369,"chr21",32800001,37799999,50,495
"496","Jan28","chr21","21q",4,5537.97778379124,29536.4386317771,0.184846364101941,35074.4164155684,"chr21",27800001,32799999,50,496
"497","Jan28","chr21","21q",5,5571.00644819812,28792.0423009883,0.193280371382236,34363.0487491865,"chr21",22800001,27799999,50,497
"498","Jan28","chr21","21q",6,5295.86723377432,29072.6694216003,0.181820619880093,34368.5366553747,"chr21",17800001,22799999,50,498
"499","Jan28","chr22","22q",1,5461.82154541178,31694.2019318837,0.169850454874053,37156.023477295,"chr22",46000001,51199999,50,499
"500","Jan28","chr22","22q",2,5832.00799438505,30248.3023283384,0.189130802544665,36080.310322723,"chr22",41000001,45999999,50,500
"501","Jan28","chr22","22q",3,5855.80285939949,28637.9789250655,0.200137406781267,34493.7817844645,"chr22",36000001,40999999,50,501
"502","Jan28","chr22","22q",4,5703.77005209237,30809.5297734546,0.182059206777271,36513.2998255467,"chr22",31000001,35999999,50,502
"503","Jan28","chr22","22q",5,5927.36747323404,31018.9008547963,0.188213385099472,36946.2683280301,"chr22",26000001,30999999,50,503
"504","Jan28","chr22","22q",6,5227.8484100923,27139.1370310217,0.187891649588292,32366.9854411136,"chr22",20700001,25999999,50,504
