,shendure_wps,ft_wps
0,-52.0,-52.0
1,-49.0,-52.0
2,-51.0,-51.0
3,-53.0,-53.0
4,-53.0,-53.0
5,-53.0,-53.0
6,-53.0,-54.0
7,-54.0,-54.0
8,-56.0,-56.0
9,-54.0,-54.0
10,-54.0,-54.0
11,-57.0,-58.0
12,-59.0,-59.0
13,-58.0,-59.0
14,-58.0,-58.0
15,-58.0,-58.0
16,-58.0,-59.0
17,-59.0,-59.0
18,-57.0,-57.0
19,-56.0,-57.0
20,-56.0,-56.0
21,-56.0,-56.0
22,-54.0,-54.0
23,-54.0,-54.0
24,-54.0,-54.0
25,-54.0,-54.0
26,-50.0,-51.0
27,-49.0,-49.0
28,-49.0,-49.0
29,-47.0,-47.0
30,-47.0,-47.0
31,-47.0,-48.0
32,-48.0,-48.0
33,-50.0,-50.0
34,-48.0,-48.0
35,-42.0,-42.0
36,-36.0,-36.0
37,-36.0,-36.0
38,-34.0,-34.0
39,-31.0,-32.0
40,-31.0,-31.0
41,-31.0,-31.0
42,-31.0,-31.0
43,-33.0,-35.0
44,-33.0,-35.0
45,-32.0,-33.0
46,-32.0,-32.0
47,-34.0,-34.0
48,-34.0,-34.0
49,-36.0,-36.0
50,-36.0,-38.0
51,-44.0,-44.0
52,-42.0,-42.0
53,-41.0,-42.0
54,-41.0,-41.0
55,-41.0,-44.0
56,-40.0,-41.0
57,-41.0,-42.0
58,-42.0,-42.0
59,-42.0,-42.0
60,-42.0,-42.0
61,-42.0,-42.0
62,-40.0,-40.0
63,-41.0,-42.0
64,-41.0,-43.0
65,-43.0,-43.0
66,-41.0,-43.0
67,-43.0,-43.0
68,-43.0,-43.0
69,-43.0,-43.0
70,-41.0,-41.0
71,-39.0,-40.0
72,-41.0,-41.0
73,-42.0,-42.0
74,-45.0,-44.0
75,-41.0,-40.0
76,-41.0,-41.0
77,-42.0,-41.0
78,-46.0,-46.0
79,-47.0,-46.0
80,-44.0,-44.0
81,-50.0,-49.0
82,-50.0,-49.0
83,-48.0,-47.0
84,-47.0,-48.0
85,-48.0,-47.0
86,-48.0,-47.0
87,-50.0,-49.0
88,-50.0,-49.0
89,-50.0,-49.0
90,-50.0,-49.0
91,-54.0,-54.0
92,-56.0,-56.0
93,-56.0,-55.0
94,-58.0,-57.0
95,-62.0,-61.0
96,-60.0,-59.0
97,-60.0,-61.0
98,-58.0,-63.0
99,-60.0,-60.0
100,-57.0,-56.0
101,-57.0,-56.0
102,-57.0,-56.0
103,-56.0,-56.0
104,-49.0,-49.0
105,-49.0,-48.0
106,-49.0,-49.0
107,-50.0,-49.0
108,-50.0,-49.0
109,-50.0,-50.0
110,-51.0,-50.0
111,-53.0,-52.0
112,-51.0,-52.0
113,-50.0,-50.0
114,-50.0,-49.0
115,-49.0,-49.0
116,-51.0,-50.0
117,-51.0,-50.0
118,-53.0,-53.0
119,-54.0,-53.0
120,-54.0,-53.0
121,-53.0,-53.0
122,-52.0,-53.0
123,-53.0,-53.0
124,-56.0,-55.0
125,-56.0,-57.0
126,-56.0,-55.0
127,-59.0,-59.0
128,-59.0,-58.0
129,-58.0,-58.0
130,-56.0,-57.0
131,-57.0,-57.0
132,-59.0,-58.0
133,-61.0,-60.0
134,-61.0,-61.0
135,-62.0,-62.0
136,-63.0,-63.0
137,-64.0,-63.0
138,-66.0,-65.0
139,-66.0,-65.0
140,-66.0,-66.0
141,-67.0,-66.0
142,-67.0,-66.0
143,-69.0,-68.0
144,-69.0,-68.0
145,-69.0,-68.0
146,-67.0,-66.0
147,-67.0,-66.0
148,-67.0,-66.0
149,-67.0,-66.0
150,-67.0,-67.0
151,-66.0,-65.0
152,-65.0,-65.0
153,-69.0,-68.0
154,-69.0,-68.0
155,-69.0,-68.0
156,-71.0,-70.0
157,-71.0,-70.0
158,-71.0,-70.0
159,-71.0,-70.0
160,-71.0,-70.0
161,-70.0,-70.0
162,-68.0,-69.0
163,-67.0,-67.0
164,-67.0,-66.0
165,-67.0,-66.0
166,-66.0,-67.0
167,-67.0,-67.0
168,-67.0,-67.0
169,-67.0,-66.0
170,-63.0,-65.0
171,-63.0,-63.0
172,-64.0,-63.0
173,-64.0,-63.0
174,-64.0,-63.0
175,-58.0,-59.0
176,-58.0,-57.0
177,-56.0,-56.0
178,-57.0,-56.0
179,-57.0,-56.0
180,-57.0,-56.0
181,-57.0,-56.0
182,-56.0,-56.0
183,-55.0,-55.0
184,-54.0,-54.0
185,-54.0,-54.0
186,-54.0,-55.0
187,-55.0,-54.0
188,-57.0,-56.0
189,-57.0,-56.0
190,-57.0,-56.0
191,-53.0,-54.0
192,-51.0,-52.0
193,-48.0,-50.0
194,-48.0,-49.0
195,-48.0,-49.0
196,-50.0,-51.0
197,-48.0,-51.0
198,-46.0,-47.0
199,-46.0,-47.0
200,-43.0,-47.0
201,-43.0,-44.0
202,-43.0,-44.0
203,-43.0,-44.0
204,-41.0,-42.0
205,-40.0,-42.0
206,-41.0,-43.0
207,-41.0,-42.0
208,-41.0,-42.0
209,-43.0,-44.0
210,-41.0,-44.0
211,-38.0,-40.0
212,-38.0,-39.0
213,-37.0,-39.0
214,-35.0,-38.0
215,-35.0,-36.0
216,-35.0,-36.0
217,-31.0,-32.0
218,-27.0,-28.0
219,-27.0,-29.0
220,-28.0,-29.0
221,-28.0,-29.0
222,-30.0,-31.0
223,-30.0,-31.0
224,-32.0,-33.0
225,-31.0,-33.0
226,-29.0,-30.0
227,-29.0,-31.0
228,-30.0,-31.0
229,-28.0,-30.0
230,-28.0,-30.0
231,-28.0,-29.0
232,-28.0,-29.0
233,-28.0,-29.0
234,-28.0,-29.0
235,-29.0,-31.0
236,-31.0,-32.0
237,-30.0,-32.0
238,-30.0,-31.0
239,-32.0,-33.0
240,-34.0,-35.0
241,-34.0,-35.0
242,-32.0,-33.0
243,-29.0,-31.0
244,-31.0,-32.0
245,-33.0,-32.0
246,-31.0,-32.0
247,-31.0,-30.0
248,-31.0,-30.0
249,-31.0,-31.0
250,-33.0,-33.0
251,-34.0,-34.0
252,-33.0,-33.0
253,-35.0,-34.0
254,-33.0,-32.0
255,-30.0,-30.0
256,-28.0,-27.0
257,-27.0,-27.0
258,-27.0,-26.0
259,-27.0,-26.0
260,-25.0,-24.0
261,-25.0,-24.0
262,-24.0,-24.0
263,-26.0,-25.0
264,-26.0,-26.0
265,-27.0,-27.0
266,-28.0,-27.0
267,-28.0,-27.0
268,-28.0,-27.0
269,-28.0,-27.0
270,-26.0,-25.0
271,-26.0,-25.0
272,-26.0,-27.0
273,-26.0,-25.0
274,-30.0,-29.0
275,-29.0,-29.0
276,-29.0,-28.0
277,-29.0,-28.0
278,-29.0,-29.0
279,-30.0,-29.0
280,-30.0,-29.0
281,-30.0,-29.0
282,-30.0,-29.0
283,-30.0,-29.0
284,-30.0,-29.0
285,-34.0,-33.0
286,-32.0,-31.0
287,-30.0,-29.0
288,-30.0,-30.0
289,-33.0,-32.0
290,-35.0,-35.0
291,-34.0,-33.0
292,-34.0,-34.0
293,-35.0,-35.0
294,-36.0,-35.0
295,-32.0,-32.0
296,-33.0,-34.0
297,-33.0,-32.0
298,-35.0,-35.0
299,-38.0,-38.0
300,-39.0,-38.0
301,-39.0,-38.0
302,-39.0,-38.0
303,-39.0,-38.0
304,-41.0,-40.0
305,-41.0,-40.0
306,-39.0,-42.0
307,-42.0,-42.0
308,-42.0,-41.0
309,-42.0,-41.0
310,-44.0,-44.0
311,-45.0,-44.0
312,-47.0,-46.0
313,-47.0,-46.0
314,-47.0,-46.0
315,-45.0,-48.0
316,-47.0,-48.0
317,-49.0,-48.0
318,-49.0,-48.0
319,-49.0,-48.0
320,-49.0,-48.0
321,-49.0,-48.0
322,-49.0,-48.0
323,-49.0,-48.0
324,-49.0,-48.0
325,-48.0,-48.0
326,-48.0,-47.0
327,-48.0,-47.0
328,-51.0,-51.0
329,-51.0,-50.0
330,-51.0,-50.0
331,-51.0,-50.0
332,-51.0,-50.0
333,-51.0,-51.0
334,-52.0,-51.0
335,-52.0,-51.0
336,-52.0,-51.0
337,-52.0,-52.0
338,-52.0,-52.0
339,-50.0,-49.0
340,-50.0,-49.0
341,-49.0,-49.0
342,-49.0,-48.0
343,-52.0,-52.0
344,-54.0,-53.0
345,-54.0,-53.0
346,-54.0,-53.0
347,-52.0,-51.0
348,-52.0,-52.0
349,-51.0,-51.0
350,-52.0,-51.0
351,-52.0,-51.0
352,-52.0,-51.0
353,-54.0,-54.0
354,-54.0,-54.0
355,-53.0,-53.0
356,-53.0,-52.0
357,-52.0,-53.0
358,-52.0,-52.0
359,-51.0,-51.0
360,-51.0,-50.0
361,-51.0,-50.0
362,-53.0,-52.0
363,-52.0,-52.0
364,-49.0,-51.0
365,-49.0,-49.0
366,-49.0,-49.0
367,-49.0,-50.0
368,-50.0,-51.0
369,-48.0,-49.0
370,-47.0,-48.0
371,-47.0,-47.0
372,-46.0,-47.0
373,-46.0,-46.0
374,-46.0,-47.0
375,-47.0,-47.0
376,-47.0,-49.0
377,-51.0,-52.0
378,-52.0,-52.0
379,-52.0,-52.0
380,-52.0,-52.0
381,-52.0,-52.0
382,-53.0,-54.0
383,-53.0,-53.0
384,-51.0,-51.0
385,-49.0,-49.0
386,-49.0,-49.0
387,-49.0,-49.0
388,-49.0,-49.0
389,-49.0,-49.0
390,-49.0,-49.0
391,-48.0,-49.0
392,-48.0,-48.0
393,-46.0,-48.0
394,-46.0,-46.0
395,-46.0,-46.0
396,-46.0,-46.0
397,-46.0,-46.0
398,-44.0,-44.0
399,-44.0,-44.0
400,-44.0,-44.0
401,-44.0,-44.0
402,-44.0,-44.0
403,-44.0,-45.0
404,-43.0,-46.0
405,-46.0,-46.0
406,-46.0,-46.0
407,-46.0,-46.0
408,-43.0,-44.0
409,-42.0,-43.0
410,-40.0,-40.0
411,-40.0,-40.0
412,-38.0,-38.0
413,-36.0,-36.0
414,-36.0,-36.0
415,-34.0,-34.0
416,-30.0,-30.0
417,-29.0,-30.0
418,-26.0,-27.0
419,-24.0,-24.0
420,-24.0,-24.0
421,-24.0,-24.0
422,-24.0,-24.0
423,-23.0,-24.0
424,-24.0,-25.0
425,-24.0,-24.0
426,-18.0,-18.0
427,-18.0,-18.0
428,-18.0,-18.0
429,-17.0,-18.0
430,-17.0,-17.0
431,-16.0,-18.0
432,-17.0,-17.0
433,-17.0,-17.0
434,-17.0,-17.0
435,-13.0,-13.0
436,-9.0,-10.0
437,-14.0,-14.0
438,-14.0,-14.0
439,-14.0,-14.0
440,-14.0,-14.0
441,-16.0,-16.0
442,-16.0,-16.0
443,-16.0,-16.0
444,-16.0,-16.0
445,-16.0,-16.0
446,-16.0,-16.0
447,-14.0,-16.0
448,-16.0,-17.0
449,-17.0,-17.0
450,-17.0,-17.0
451,-17.0,-17.0
452,-17.0,-17.0
453,-15.0,-15.0
454,-17.0,-17.0
455,-17.0,-17.0
456,-17.0,-17.0
457,-15.0,-15.0
458,-15.0,-15.0
459,-17.0,-17.0
460,-19.0,-19.0
461,-21.0,-21.0
462,-19.0,-21.0
463,-18.0,-19.0
464,-20.0,-20.0
465,-20.0,-20.0
466,-22.0,-22.0
467,-26.0,-26.0
468,-28.0,-28.0
469,-26.0,-29.0
470,-30.0,-30.0
471,-31.0,-30.0
472,-34.0,-34.0
473,-32.0,-31.0
474,-34.0,-33.0
475,-34.0,-33.0
476,-36.0,-35.0
477,-34.0,-35.0
478,-36.0,-35.0
479,-36.0,-35.0
480,-36.0,-35.0
481,-35.0,-37.0
482,-37.0,-36.0
483,-37.0,-37.0
484,-38.0,-37.0
485,-38.0,-37.0
486,-40.0,-39.0
487,-38.0,-38.0
488,-38.0,-36.0
489,-38.0,-37.0
490,-39.0,-37.0
491,-39.0,-38.0
492,-40.0,-38.0
493,-40.0,-38.0
494,-38.0,-36.0
495,-38.0,-36.0
496,-33.0,-32.0
497,-31.0,-29.0
498,-31.0,-29.0
499,-33.0,-31.0
500,-35.0,-34.0
501,-35.0,-34.0
502,-35.0,-33.0
503,-35.0,-33.0
504,-35.0,-33.0
505,-35.0,-33.0
506,-35.0,-34.0
507,-36.0,-35.0
508,-39.0,-38.0
509,-40.0,-39.0
510,-41.0,-39.0
511,-41.0,-39.0
512,-41.0,-39.0
513,-41.0,-39.0
514,-43.0,-41.0
515,-47.0,-45.0
516,-47.0,-45.0
517,-49.0,-47.0
518,-49.0,-47.0
519,-49.0,-47.0
520,-49.0,-47.0
521,-49.0,-47.0
522,-49.0,-48.0
523,-48.0,-47.0
524,-48.0,-47.0
525,-48.0,-46.0
526,-48.0,-47.0
527,-49.0,-47.0
528,-49.0,-47.0
529,-49.0,-47.0
530,-49.0,-47.0
531,-49.0,-47.0
532,-49.0,-47.0
533,-49.0,-47.0
534,-49.0,-47.0
535,-53.0,-51.0
536,-57.0,-55.0
537,-57.0,-55.0
538,-57.0,-55.0
539,-57.0,-56.0
540,-58.0,-56.0
541,-58.0,-59.0
542,-61.0,-60.0
543,-61.0,-60.0
544,-61.0,-59.0
545,-60.0,-60.0
546,-61.0,-59.0
547,-61.0,-59.0
548,-61.0,-59.0
549,-60.0,-59.0
550,-60.0,-58.0
551,-58.0,-57.0
552,-59.0,-57.0
553,-59.0,-57.0
554,-59.0,-57.0
555,-59.0,-57.0
556,-55.0,-55.0
557,-55.0,-53.0
558,-55.0,-53.0
559,-55.0,-53.0
560,-54.0,-53.0
561,-54.0,-52.0
562,-54.0,-52.0
563,-54.0,-52.0
564,-54.0,-52.0
565,-54.0,-52.0
566,-54.0,-52.0
567,-53.0,-52.0
568,-51.0,-49.0
569,-51.0,-49.0
570,-51.0,-49.0
571,-51.0,-49.0
572,-51.0,-49.0
573,-50.0,-49.0
574,-50.0,-48.0
575,-54.0,-52.0
576,-54.0,-53.0
577,-55.0,-53.0
578,-54.0,-53.0
579,-55.0,-54.0
580,-54.0,-53.0
581,-54.0,-52.0
582,-54.0,-52.0
583,-53.0,-53.0
584,-54.0,-52.0
585,-53.0,-52.0
586,-51.0,-51.0
587,-49.0,-49.0
588,-49.0,-47.0
589,-41.0,-41.0
590,-39.0,-40.0
591,-38.0,-40.0
592,-38.0,-38.0
593,-37.0,-38.0
594,-37.0,-37.0
595,-36.0,-37.0
596,-36.0,-36.0
597,-32.0,-32.0
598,-32.0,-32.0
599,-32.0,-32.0
600,-34.0,-35.0
601,-31.0,-31.0
602,-31.0,-31.0
603,-29.0,-29.0
604,-29.0,-29.0
605,-28.0,-29.0
606,-28.0,-28.0
607,-24.0,-26.0
608,-24.0,-26.0
609,-22.0,-24.0
610,-22.0,-24.0
611,-20.0,-22.0
612,-20.0,-22.0
613,-20.0,-22.0
614,-20.0,-22.0
615,-20.0,-22.0
616,-20.0,-22.0
617,-20.0,-22.0
618,-19.0,-22.0
619,-20.0,-23.0
620,-18.0,-20.0
621,-18.0,-20.0
622,-18.0,-20.0
623,-18.0,-20.0
624,-18.0,-20.0
625,-18.0,-20.0
626,-16.0,-18.0
627,-13.0,-16.0
628,-13.0,-16.0
629,-12.0,-14.0
630,-12.0,-14.0
631,-12.0,-14.0
632,-12.0,-14.0
633,-13.0,-16.0
634,-11.0,-15.0
635,-11.0,-13.0
636,-14.0,-17.0
637,-14.0,-17.0
638,-15.0,-17.0
639,-15.0,-17.0
640,-15.0,-17.0
641,-17.0,-19.0
642,-15.0,-17.0
643,-12.0,-15.0
644,-12.0,-14.0
645,-12.0,-14.0
646,-10.0,-12.0
647,-10.0,-12.0
648,-10.0,-12.0
649,-16.0,-16.0
650,-16.0,-16.0
651,-16.0,-16.0
652,-16.0,-16.0
653,-16.0,-16.0
654,-14.0,-16.0
655,-14.0,-16.0
656,-16.0,-16.0
657,-24.0,-22.0
658,-28.0,-27.0
659,-27.0,-25.0
660,-29.0,-28.0
661,-24.0,-22.0
662,-22.0,-20.0
663,-22.0,-20.0
664,-22.0,-20.0
665,-20.0,-18.0
666,-20.0,-18.0
667,-20.0,-18.0
668,-20.0,-19.0
669,-21.0,-19.0
670,-21.0,-20.0
671,-20.0,-18.0
672,-20.0,-18.0
673,-22.0,-21.0
674,-25.0,-23.0
675,-25.0,-23.0
676,-25.0,-23.0
677,-25.0,-23.0
678,-25.0,-25.0
679,-27.0,-25.0
680,-27.0,-27.0
681,-31.0,-29.0
682,-31.0,-29.0
683,-31.0,-29.0
684,-31.0,-29.0
685,-31.0,-29.0
686,-31.0,-30.0
687,-32.0,-31.0
688,-33.0,-33.0
689,-35.0,-33.0
690,-37.0,-35.0
691,-37.0,-35.0
692,-37.0,-37.0
693,-41.0,-39.0
694,-39.0,-39.0
695,-39.0,-37.0
696,-37.0,-35.0
697,-39.0,-37.0
698,-42.0,-42.0
699,-43.0,-44.0
700,-49.0,-47.0
701,-52.0,-49.0
702,-56.0,-53.0
703,-54.0,-51.0
704,-54.0,-51.0
705,-54.0,-51.0
706,-54.0,-51.0
707,-54.0,-51.0
708,-56.0,-54.0
709,-57.0,-56.0
710,-57.0,-55.0
711,-58.0,-56.0
712,-59.0,-56.0
713,-59.0,-56.0
714,-59.0,-56.0
715,-59.0,-56.0
716,-59.0,-57.0
717,-60.0,-57.0
718,-60.0,-58.0
719,-60.0,-58.0
720,-58.0,-55.0
721,-58.0,-57.0
722,-60.0,-57.0
723,-60.0,-57.0
724,-60.0,-58.0
725,-61.0,-58.0
726,-61.0,-58.0
727,-61.0,-58.0
728,-61.0,-58.0
729,-61.0,-59.0
730,-62.0,-59.0
731,-62.0,-59.0
732,-62.0,-59.0
733,-62.0,-59.0
734,-62.0,-60.0
735,-63.0,-60.0
736,-63.0,-60.0
737,-65.0,-62.0
738,-64.0,-62.0
739,-64.0,-61.0
740,-64.0,-62.0
741,-65.0,-62.0
742,-65.0,-62.0
743,-65.0,-62.0
744,-65.0,-63.0
745,-66.0,-63.0
746,-66.0,-63.0
747,-65.0,-63.0
748,-63.0,-62.0
749,-65.0,-62.0
750,-65.0,-62.0
751,-65.0,-63.0
752,-65.0,-63.0
753,-65.0,-62.0
754,-65.0,-62.0
755,-63.0,-62.0
756,-63.0,-60.0
757,-63.0,-60.0
758,-63.0,-60.0
759,-63.0,-60.0
760,-62.0,-60.0
761,-62.0,-59.0
762,-62.0,-59.0
763,-62.0,-59.0
764,-62.0,-59.0
765,-62.0,-59.0
766,-62.0,-59.0
767,-62.0,-59.0
768,-59.0,-59.0
769,-59.0,-57.0
770,-59.0,-57.0
771,-59.0,-57.0
772,-59.0,-57.0
773,-59.0,-57.0
774,-60.0,-59.0
775,-59.0,-59.0
776,-56.0,-58.0
777,-54.0,-55.0
778,-52.0,-51.0
779,-51.0,-51.0
780,-49.0,-48.0
781,-49.0,-48.0
782,-49.0,-48.0
783,-49.0,-48.0
784,-49.0,-48.0
785,-49.0,-48.0
786,-49.0,-48.0
787,-49.0,-49.0
788,-48.0,-47.0
789,-48.0,-47.0
790,-46.0,-45.0
791,-46.0,-45.0
792,-47.0,-47.0
793,-44.0,-44.0
794,-44.0,-43.0
795,-44.0,-43.0
796,-44.0,-43.0
797,-44.0,-43.0
798,-40.0,-39.0
799,-40.0,-39.0
800,-35.0,-35.0
801,-35.0,-34.0
802,-35.0,-35.0
803,-36.0,-35.0
804,-36.0,-36.0
805,-37.0,-36.0
806,-35.0,-34.0
807,-33.0,-32.0
808,-29.0,-28.0
809,-28.0,-28.0
810,-28.0,-27.0
811,-28.0,-27.0
812,-25.0,-25.0
813,-25.0,-24.0
814,-25.0,-24.0
815,-25.0,-24.0
816,-26.0,-26.0
817,-24.0,-25.0
818,-22.0,-21.0
819,-13.0,-15.0
820,-10.0,-12.0
821,-10.0,-13.0
822,-10.0,-11.0
823,-10.0,-11.0
824,-10.0,-12.0
825,-11.0,-12.0
826,-13.0,-14.0
827,-12.0,-14.0
828,-10.0,-11.0
829,-6.0,-7.0
830,-6.0,-7.0
831,-6.0,-7.0
832,-6.0,-8.0
833,-7.0,-8.0
834,-7.0,-8.0
835,-7.0,-8.0
836,-5.0,-6.0
837,-7.0,-8.0
838,-7.0,-8.0
839,-7.0,-8.0
840,-7.0,-8.0
841,-3.0,-4.0
842,-3.0,-4.0
843,-5.0,-6.0
844,-5.0,-6.0
845,-5.0,-6.0
846,-5.0,-7.0
847,-6.0,-7.0
848,-6.0,-7.0
849,-10.0,-11.0
850,-10.0,-11.0
851,-10.0,-11.0
852,-10.0,-11.0
853,-12.0,-13.0
854,-10.0,-11.0
855,-10.0,-11.0
856,-9.0,-11.0
857,-9.0,-10.0
858,-9.0,-10.0
859,-9.0,-10.0
860,-9.0,-11.0
861,-16.0,-18.0
862,-19.0,-21.0
863,-22.0,-23.0
864,-20.0,-21.0
865,-22.0,-23.0
866,-26.0,-27.0
867,-28.0,-30.0
868,-25.0,-26.0
869,-25.0,-27.0
870,-26.0,-27.0
871,-32.0,-32.0
872,-33.0,-33.0
873,-34.0,-33.0
874,-34.0,-34.0
875,-35.0,-34.0
876,-34.0,-35.0
877,-36.0,-34.0
878,-36.0,-35.0
879,-37.0,-36.0
880,-38.0,-36.0
881,-44.0,-43.0
882,-45.0,-45.0
883,-47.0,-46.0
884,-49.0,-48.0
885,-52.0,-48.0
886,-54.0,-50.0
887,-56.0,-52.0
888,-56.0,-52.0
889,-58.0,-54.0
890,-58.0,-54.0
891,-58.0,-54.0
892,-58.0,-54.0
893,-57.0,-54.0
894,-59.0,-55.0
895,-57.0,-54.0
896,-58.0,-55.0
897,-59.0,-55.0
898,-59.0,-55.0
899,-59.0,-56.0
900,-62.0,-58.0
901,-62.0,-64.0
902,-68.0,-64.0
903,-68.0,-66.0
904,-70.0,-67.0
905,-73.0,-69.0
906,-73.0,-69.0
907,-73.0,-70.0
908,-74.0,-70.0
909,-74.0,-70.0
910,-74.0,-70.0
911,-73.0,-70.0
912,-73.0,-69.0
913,-73.0,-69.0
914,-73.0,-69.0
915,-75.0,-71.0
916,-75.0,-72.0
917,-76.0,-72.0
918,-76.0,-72.0
919,-76.0,-72.0
920,-76.0,-72.0
921,-76.0,-72.0
922,-74.0,-70.0
923,-74.0,-70.0
924,-72.0,-68.0
925,-72.0,-68.0
926,-72.0,-69.0
927,-73.0,-70.0
928,-74.0,-70.0
929,-74.0,-70.0
930,-74.0,-70.0
931,-73.0,-70.0
932,-73.0,-69.0
933,-73.0,-69.0
934,-73.0,-69.0
935,-72.0,-69.0
936,-72.0,-68.0
937,-72.0,-68.0
938,-72.0,-68.0
939,-72.0,-68.0
940,-71.0,-68.0
941,-71.0,-68.0
942,-72.0,-68.0
943,-72.0,-68.0
944,-70.0,-66.0
945,-69.0,-66.0
946,-69.0,-65.0
947,-69.0,-65.0
948,-71.0,-67.0
949,-70.0,-67.0
950,-69.0,-66.0
951,-69.0,-65.0
952,-67.0,-63.0
953,-67.0,-63.0
954,-67.0,-64.0
955,-68.0,-64.0
956,-67.0,-64.0
957,-66.0,-63.0
958,-66.0,-62.0
959,-66.0,-62.0
960,-66.0,-62.0
961,-66.0,-62.0
962,-65.0,-62.0
963,-64.0,-61.0
964,-66.0,-62.0
965,-66.0,-62.0
966,-64.0,-60.0
967,-64.0,-60.0
968,-61.0,-60.0
969,-61.0,-57.0
970,-61.0,-57.0
971,-61.0,-57.0
972,-60.0,-57.0
973,-62.0,-58.0
974,-62.0,-58.0
975,-62.0,-58.0
976,-62.0,-58.0
977,-62.0,-58.0
978,-62.0,-58.0
979,-61.0,-58.0
980,-56.0,-55.0
981,-55.0,-52.0
982,-52.0,-49.0
983,-52.0,-48.0
984,-51.0,-49.0
985,-50.0,-48.0
986,-49.0,-46.0
987,-47.0,-43.0
988,-47.0,-43.0
989,-45.0,-41.0
990,-41.0,-41.0
991,-39.0,-36.0
992,-37.0,-34.0
993,-37.0,-34.0
994,-35.0,-32.0
995,-35.0,-32.0
996,-31.0,-30.0
997,-31.0,-31.0
998,-32.0,-31.0
999,-30.0,-29.0
1000,-27.0,-29.0
1001,-25.0,-24.0
1002,-21.0,-20.0
1003,-17.0,-18.0
1004,-11.0,-14.0
1005,-10.0,-14.0
1006,-9.0,-13.0
1007,-13.0,-16.0
1008,-12.0,-16.0
1009,-12.0,-15.0
1010,-12.0,-15.0
1011,-12.0,-15.0
1012,-12.0,-15.0
1013,-11.0,-16.0
1014,-12.0,-15.0
1015,-10.0,-13.0
1016,-8.0,-11.0
1017,-12.0,-15.0
1018,-14.0,-17.0
1019,-11.0,-15.0
1020,-11.0,-15.0
1021,0.0,-3.0
1022,0.0,-3.0
1023,4.0,1.0
1024,7.0,3.0
1025,7.0,4.0
1026,8.0,4.0
1027,10.0,7.0
1028,10.0,7.0
1029,10.0,7.0
1030,10.0,7.0
1031,10.0,7.0
1032,10.0,7.0
1033,10.0,7.0
1034,11.0,7.0
1035,9.0,6.0
1036,9.0,6.0
1037,7.0,4.0
1038,3.0,1.0
1039,0.0,-1.0
1040,0.0,-1.0
1041,-4.0,-5.0
1042,-4.0,-6.0
1043,-5.0,-6.0
1044,-5.0,-6.0
1045,-7.0,-8.0
1046,-5.0,-8.0
1047,-7.0,-9.0
1048,-16.0,-19.0
1049,-22.0,-24.0
1050,-24.0,-25.0
1051,-25.0,-25.0
1052,-25.0,-25.0
1053,-25.0,-25.0
1054,-27.0,-27.0
1055,-27.0,-27.0
1056,-31.0,-30.0
1057,-32.0,-30.0
1058,-38.0,-35.0
1059,-40.0,-39.0
1060,-44.0,-40.0
1061,-45.0,-40.0
1062,-45.0,-41.0
1063,-46.0,-41.0
1064,-50.0,-45.0
1065,-50.0,-45.0
1066,-50.0,-45.0
1067,-49.0,-45.0
1068,-51.0,-46.0
1069,-51.0,-48.0
1070,-53.0,-49.0
1071,-56.0,-51.0
1072,-56.0,-52.0
1073,-57.0,-52.0
1074,-55.0,-50.0
1075,-59.0,-54.0
1076,-61.0,-56.0
1077,-61.0,-56.0
1078,-61.0,-59.0
1079,-66.0,-63.0
1080,-70.0,-67.0
1081,-74.0,-72.0
1082,-77.0,-73.0
1083,-77.0,-73.0
1084,-77.0,-72.0
1085,-77.0,-72.0
1086,-77.0,-72.0
1087,-77.0,-74.0
1088,-79.0,-74.0
1089,-79.0,-74.0
1090,-79.0,-77.0
1091,-82.0,-77.0
1092,-81.0,-77.0
1093,-81.0,-77.0
1094,-82.0,-77.0
1095,-82.0,-79.0
1096,-85.0,-79.0
1097,-85.0,-79.0
1098,-87.0,-81.0
1099,-87.0,-81.0
1100,-86.0,-82.0
1101,-87.0,-81.0
1102,-87.0,-81.0
1103,-87.0,-82.0
1104,-86.0,-80.0
1105,-86.0,-81.0
1106,-87.0,-81.0
1107,-87.0,-82.0
1108,-88.0,-82.0
1109,-88.0,-82.0
1110,-88.0,-82.0
1111,-88.0,-82.0
1112,-88.0,-83.0
1113,-89.0,-83.0
1114,-89.0,-83.0
1115,-89.0,-83.0
1116,-89.0,-83.0
1117,-86.0,-83.0
1118,-88.0,-83.0
1119,-89.0,-84.0
1120,-89.0,-84.0
1121,-89.0,-86.0
1122,-93.0,-88.0
1123,-93.0,-88.0
1124,-93.0,-88.0
1125,-93.0,-88.0
1126,-91.0,-89.0
1127,-92.0,-87.0
1128,-92.0,-87.0
1129,-92.0,-87.0
1130,-92.0,-87.0
1131,-92.0,-87.0
1132,-92.0,-87.0
1133,-90.0,-85.0
1134,-90.0,-85.0
1135,-90.0,-85.0
1136,-88.0,-85.0
1137,-87.0,-83.0
1138,-87.0,-82.0
1139,-87.0,-82.0
1140,-85.0,-81.0
1141,-86.0,-81.0
1142,-86.0,-81.0
1143,-86.0,-81.0
1144,-86.0,-81.0
1145,-86.0,-81.0
1146,-86.0,-81.0
1147,-86.0,-81.0
1148,-86.0,-81.0
1149,-86.0,-81.0
1150,-86.0,-81.0
1151,-86.0,-81.0
1152,-86.0,-81.0
1153,-86.0,-81.0
1154,-85.0,-81.0
1155,-84.0,-80.0
1156,-83.0,-79.0
1157,-81.0,-78.0
1158,-78.0,-75.0
1159,-80.0,-76.0
1160,-80.0,-78.0
1161,-80.0,-76.0
1162,-78.0,-74.0
1163,-78.0,-74.0
1164,-77.0,-74.0
1165,-77.0,-73.0
1166,-72.0,-69.0
1167,-66.0,-66.0
1168,-60.0,-58.0
1169,-56.0,-54.0
1170,-54.0,-52.0
1171,-54.0,-52.0
1172,-54.0,-52.0
1173,-53.0,-52.0
1174,-53.0,-51.0
1175,-51.0,-51.0
1176,-49.0,-48.0
1177,-46.0,-48.0
1178,-42.0,-44.0
1179,-34.0,-36.0
1180,-31.0,-34.0
1181,-31.0,-33.0
1182,-29.0,-31.0
1183,-27.0,-31.0
1184,-27.0,-29.0
1185,-27.0,-29.0
1186,-27.0,-29.0
1187,-26.0,-29.0
1188,-26.0,-28.0
1189,-22.0,-24.0
1190,-21.0,-24.0
1191,-21.0,-23.0
1192,-19.0,-21.0
1193,-21.0,-23.0
1194,-19.0,-23.0
1195,-20.0,-23.0
1196,-20.0,-22.0
1197,-20.0,-22.0
1198,-13.0,-16.0
1199,-8.0,-11.0
1200,-3.0,-6.0
1201,-1.0,-3.0
1202,1.0,-1.0
1203,1.0,-1.0
1204,1.0,-1.0
1205,1.0,-1.0
1206,1.0,-1.0
1207,5.0,3.0
1208,5.0,3.0
1209,5.0,3.0
1210,11.0,9.0
1211,11.0,9.0
1212,9.0,9.0
1213,11.0,11.0
1214,11.0,11.0
1215,17.0,15.0
1216,17.0,15.0
1217,16.0,13.0
1218,2.0,2.0
1219,2.0,2.0
1220,4.0,4.0
1221,0.0,0.0
1222,0.0,0.0
1223,2.0,2.0
1224,2.0,2.0
1225,-2.0,-2.0
1226,-2.0,-2.0
1227,0.0,0.0
1228,-8.0,-8.0
1229,-12.0,-13.0
1230,-13.0,-13.0
1231,-15.0,-15.0
1232,-13.0,-13.0
1233,-13.0,-13.0
1234,-13.0,-13.0
1235,-13.0,-14.0
1236,-14.0,-15.0
1237,-13.0,-13.0
1238,-11.0,-11.0
1239,-11.0,-9.0
1240,-13.0,-12.0
1241,-11.0,-10.0
1242,-17.0,-15.0
1243,-17.0,-17.0
1244,-19.0,-17.0
1245,-19.0,-17.0
1246,-23.0,-22.0
1247,-26.0,-25.0
1248,-31.0,-29.0
1249,-33.0,-32.0
1250,-34.0,-33.0
1251,-35.0,-33.0
1252,-35.0,-33.0
1253,-35.0,-33.0
1254,-35.0,-33.0
1255,-35.0,-33.0
1256,-35.0,-33.0
1257,-41.0,-39.0
1258,-41.0,-40.0
1259,-46.0,-44.0
1260,-44.0,-42.0
1261,-44.0,-42.0
1262,-44.0,-43.0
1263,-47.0,-45.0
1264,-51.0,-47.0
1265,-55.0,-52.0
1266,-56.0,-52.0
1267,-56.0,-52.0
1268,-56.0,-52.0
1269,-60.0,-56.0
1270,-60.0,-57.0
1271,-61.0,-60.0
1272,-64.0,-60.0
1273,-64.0,-60.0
1274,-66.0,-62.0
1275,-66.0,-62.0
1276,-66.0,-62.0
1277,-66.0,-64.0
1278,-67.0,-64.0
1279,-68.0,-65.0
1280,-68.0,-66.0
1281,-70.0,-68.0
1282,-74.0,-72.0
1283,-76.0,-72.0
1284,-76.0,-72.0
1285,-76.0,-72.0
1286,-76.0,-76.0
1287,-78.0,-77.0
1288,-79.0,-77.0
1289,-83.0,-84.0
1290,-86.0,-85.0
1291,-87.0,-85.0
1292,-87.0,-86.0
1293,-88.0,-87.0
1294,-89.0,-87.0
1295,-89.0,-87.0
1296,-89.0,-87.0
1297,-89.0,-87.0
1298,-89.0,-87.0
1299,-91.0,-91.0
1300,-94.0,-91.0
1301,-94.0,-91.0
1302,-94.0,-93.0
1303,-96.0,-93.0
1304,-96.0,-93.0
1305,-96.0,-93.0
1306,-96.0,-93.0
1307,-96.0,-93.0
1308,-96.0,-93.0
1309,-95.0,-94.0
1310,-96.0,-93.0
1311,-96.0,-93.0
1312,-95.0,-93.0
1313,-95.0,-92.0
1314,-94.0,-92.0
1315,-94.0,-91.0
1316,-94.0,-92.0
1317,-95.0,-92.0
1318,-95.0,-92.0
1319,-95.0,-92.0
1320,-93.0,-92.0
1321,-93.0,-90.0
1322,-93.0,-90.0
1323,-93.0,-90.0
1324,-93.0,-90.0
1325,-93.0,-90.0
1326,-93.0,-90.0
1327,-93.0,-90.0
1328,-93.0,-90.0
1329,-93.0,-90.0
1330,-93.0,-91.0
1331,-93.0,-91.0
1332,-93.0,-91.0
1333,-93.0,-92.0
1334,-94.0,-92.0
1335,-94.0,-92.0
1336,-93.0,-92.0
1337,-86.0,-91.0
1338,-86.0,-85.0
1339,-86.0,-86.0
1340,-85.0,-86.0
1341,-85.0,-84.0
1342,-85.0,-85.0
1343,-86.0,-85.0
1344,-83.0,-85.0
1345,-83.0,-82.0
1346,-83.0,-82.0
1347,-79.0,-82.0
1348,-77.0,-78.0
1349,-75.0,-74.0
1350,-74.0,-74.0
1351,-74.0,-73.0
1352,-74.0,-73.0
1353,-74.0,-73.0
1354,-74.0,-73.0
1355,-72.0,-72.0
1356,-70.0,-70.0
1357,-70.0,-69.0
1358,-70.0,-69.0
1359,-69.0,-69.0
1360,-66.0,-66.0
1361,-63.0,-66.0
1362,-64.0,-63.0
1363,-60.0,-59.0
1364,-60.0,-59.0
1365,-57.0,-59.0
1366,-54.0,-54.0
1367,-50.0,-51.0
1368,-49.0,-49.0
1369,-47.0,-46.0
1370,-45.0,-44.0
1371,-45.0,-44.0
1372,-45.0,-44.0
1373,-45.0,-44.0
1374,-45.0,-44.0
1375,-45.0,-44.0
1376,-42.0,-44.0
1377,-42.0,-41.0
1378,-38.0,-39.0
1379,-38.0,-37.0
1380,-38.0,-37.0
1381,-38.0,-37.0
1382,-35.0,-35.0
1383,-33.0,-34.0
1384,-31.0,-33.0
1385,-29.0,-29.0
1386,-29.0,-29.0
1387,-29.0,-29.0
1388,-27.0,-29.0
1389,-27.0,-27.0
1390,-25.0,-25.0
1391,-19.0,-19.0
1392,-19.0,-19.0
1393,-20.0,-21.0
1394,-20.0,-20.0
1395,-20.0,-20.0
1396,-20.0,-20.0
1397,-16.0,-16.0
1398,-15.0,-16.0
1399,-15.0,-15.0
1400,-11.0,-11.0
1401,-6.0,-7.0
1402,-2.0,-2.0
1403,-2.0,-2.0
1404,-2.0,-2.0
1405,-2.0,-2.0
1406,2.0,3.0
1407,4.0,5.0
1408,4.0,3.0
1409,10.0,11.0
1410,12.0,13.0
1411,4.0,5.0
1412,4.0,5.0
1413,6.0,7.0
1414,6.0,7.0
1415,6.0,7.0
1416,6.0,7.0
1417,6.0,7.0
1418,7.0,7.0
1419,9.0,8.0
1420,9.0,8.0
1421,9.0,8.0
1422,9.0,8.0
1423,7.0,6.0
1424,7.0,4.0
1425,5.0,3.0
1426,4.0,3.0
1427,4.0,3.0
1428,4.0,3.0
1429,6.0,5.0
1430,4.0,3.0
1431,4.0,3.0
1432,-2.0,-4.0
1433,-3.0,-4.0
1434,-5.0,-6.0
1435,-5.0,-6.0
1436,-3.0,-4.0
1437,-3.0,-4.0
1438,-3.0,-5.0
1439,-4.0,-5.0
1440,-4.0,-6.0
1441,-9.0,-10.0
1442,-11.0,-12.0
1443,-11.0,-12.0
1444,-11.0,-12.0
1445,-13.0,-14.0
1446,-13.0,-14.0
1447,-15.0,-16.0
1448,-15.0,-16.0
1449,-15.0,-16.0
1450,-15.0,-16.0
1451,-19.0,-21.0
1452,-24.0,-25.0
1453,-24.0,-25.0
1454,-24.0,-27.0
1455,-26.0,-28.0
1456,-31.0,-33.0
1457,-36.0,-39.0
1458,-38.0,-39.0
1459,-36.0,-37.0
1460,-36.0,-37.0
1461,-42.0,-43.0
1462,-44.0,-46.0
1463,-45.0,-49.0
1464,-49.0,-51.0
1465,-51.0,-52.0
1466,-52.0,-53.0
1467,-53.0,-53.0
1468,-53.0,-53.0
1469,-53.0,-53.0
1470,-53.0,-53.0
1471,-53.0,-53.0
1472,-53.0,-53.0
1473,-53.0,-55.0
1474,-55.0,-55.0
1475,-55.0,-55.0
1476,-55.0,-56.0
1477,-56.0,-56.0
1478,-58.0,-59.0
1479,-63.0,-61.0
1480,-63.0,-61.0
1481,-61.0,-59.0
1482,-61.0,-59.0
1483,-61.0,-59.0
1484,-61.0,-59.0
1485,-61.0,-59.0
1486,-61.0,-59.0
1487,-61.0,-59.0
1488,-61.0,-59.0
1489,-61.0,-59.0
1490,-61.0,-59.0
1491,-61.0,-59.0
1492,-61.0,-59.0
1493,-61.0,-64.0
1494,-67.0,-69.0
1495,-70.0,-70.0
1496,-71.0,-71.0
1497,-72.0,-72.0
1498,-73.0,-72.0
1499,-73.0,-72.0
1500,-73.0,-72.0
1501,-75.0,-74.0
1502,-75.0,-74.0
1503,-75.0,-74.0
1504,-75.0,-74.0
1505,-77.0,-76.0
1506,-77.0,-77.0
1507,-78.0,-77.0
1508,-78.0,-77.0
1509,-78.0,-77.0
1510,-78.0,-77.0
1511,-78.0,-78.0
1512,-80.0,-80.0
1513,-80.0,-79.0
1514,-80.0,-79.0
1515,-80.0,-79.0
1516,-80.0,-79.0
1517,-80.0,-79.0
1518,-80.0,-80.0
1519,-81.0,-80.0
1520,-81.0,-80.0
1521,-81.0,-80.0
1522,-83.0,-82.0
1523,-83.0,-82.0
1524,-83.0,-83.0
1525,-84.0,-83.0
1526,-84.0,-83.0
1527,-83.0,-83.0
1528,-83.0,-83.0
1529,-84.0,-83.0
1530,-80.0,-83.0
1531,-79.0,-79.0
1532,-79.0,-78.0
1533,-79.0,-78.0
1534,-79.0,-78.0
1535,-79.0,-78.0
1536,-79.0,-78.0
1537,-81.0,-80.0
1538,-79.0,-81.0
1539,-80.0,-79.0
1540,-80.0,-79.0
1541,-78.0,-79.0
1542,-77.0,-77.0
1543,-77.0,-76.0
1544,-73.0,-72.0
1545,-71.0,-70.0
1546,-71.0,-70.0
1547,-71.0,-70.0
1548,-71.0,-70.0
1549,-70.0,-70.0
1550,-70.0,-70.0
1551,-68.0,-70.0
1552,-66.0,-65.0
1553,-65.0,-65.0
1554,-65.0,-64.0
1555,-65.0,-64.0
1556,-65.0,-64.0
1557,-65.0,-65.0
1558,-64.0,-63.0
1559,-64.0,-63.0
1560,-60.0,-61.0
1561,-59.0,-59.0
1562,-59.0,-58.0
1563,-59.0,-58.0
1564,-58.0,-58.0
1565,-58.0,-57.0
1566,-57.0,-57.0
1567,-57.0,-56.0
1568,-57.0,-56.0
1569,-56.0,-57.0
1570,-55.0,-56.0
1571,-51.0,-52.0
1572,-50.0,-50.0
1573,-50.0,-49.0
1574,-46.0,-45.0
1575,-44.0,-45.0
1576,-40.0,-41.0
1577,-36.0,-35.0
1578,-36.0,-36.0
1579,-37.0,-36.0
1580,-34.0,-36.0
1581,-32.0,-33.0
1582,-30.0,-29.0
1583,-22.0,-23.0
1584,-18.0,-19.0
1585,-16.0,-17.0
1586,-14.0,-15.0
1587,-14.0,-15.0
1588,-14.0,-15.0
1589,-14.0,-15.0
1590,-14.0,-15.0
1591,-14.0,-15.0
1592,-14.0,-15.0
1593,-10.0,-11.0
1594,-9.0,-11.0
1595,-9.0,-10.0
1596,-7.0,-8.0
1597,-6.0,-9.0
1598,-3.0,-6.0
1599,-3.0,-5.0
1600,-3.0,-5.0
1601,-7.0,-9.0
1602,-7.0,-9.0
1603,-7.0,-10.0
1604,-12.0,-14.0
1605,-16.0,-18.0
1606,-16.0,-18.0
1607,-16.0,-18.0
1608,-18.0,-20.0
1609,-18.0,-20.0
1610,-18.0,-20.0
1611,-18.0,-20.0
1612,-18.0,-20.0
1613,-9.0,-11.0
1614,-4.0,-4.0
1615,-10.0,-12.0
1616,-10.0,-11.0
1617,-9.0,-9.0
1618,-11.0,-11.0
1619,-11.0,-11.0
1620,-10.0,-11.0
1621,-10.0,-10.0
1622,-10.0,-10.0
1623,-10.0,-10.0
1624,-9.0,-10.0
1625,-15.0,-15.0
1626,-13.0,-13.0
1627,-13.0,-13.0
1628,-15.0,-15.0
1629,-23.0,-21.0
1630,-23.0,-21.0
1631,-20.0,-19.0
1632,-20.0,-19.0
1633,-21.0,-21.0
1634,-27.0,-26.0
1635,-28.0,-26.0
1636,-28.0,-26.0
1637,-28.0,-28.0
1638,-26.0,-26.0
1639,-26.0,-26.0
1640,-26.0,-26.0
1641,-25.0,-26.0
1642,-25.0,-25.0
1643,-27.0,-27.0
1644,-27.0,-27.0
1645,-27.0,-27.0
1646,-27.0,-27.0
1647,-27.0,-27.0
1648,-25.0,-26.0
1649,-26.0,-26.0
1650,-26.0,-27.0
1651,-29.0,-29.0
1652,-29.0,-29.0
1653,-31.0,-31.0
1654,-33.0,-33.0
1655,-33.0,-33.0
1656,-34.0,-35.0
1657,-38.0,-38.0
1658,-38.0,-39.0
1659,-39.0,-41.0
1660,-41.0,-41.0
1661,-41.0,-43.0
1662,-45.0,-45.0
1663,-49.0,-49.0
1664,-49.0,-49.0
1665,-49.0,-49.0
1666,-51.0,-51.0
1667,-51.0,-58.0
1668,-59.0,-59.0
1669,-60.0,-59.0
1670,-60.0,-60.0
1671,-61.0,-60.0
1672,-61.0,-60.0
1673,-61.0,-60.0
1674,-61.0,-60.0
1675,-65.0,-64.0
1676,-65.0,-65.0
1677,-64.0,-63.0
1678,-64.0,-65.0
1679,-66.0,-65.0
1680,-66.0,-65.0
1681,-66.0,-65.0
1682,-66.0,-66.0
1683,-67.0,-66.0
1684,-67.0,-66.0
1685,-67.0,-67.0
1686,-68.0,-68.0
1687,-69.0,-72.0
1688,-74.0,-72.0
1689,-72.0,-70.0
1690,-74.0,-72.0
1691,-74.0,-72.0
1692,-74.0,-72.0
1693,-74.0,-72.0
1694,-73.0,-72.0
1695,-73.0,-71.0
1696,-75.0,-73.0
1697,-77.0,-75.0
1698,-75.0,-73.0
1699,-75.0,-73.0
1700,-75.0,-73.0
1701,-75.0,-73.0
1702,-77.0,-75.0
1703,-77.0,-75.0
1704,-77.0,-76.0
1705,-78.0,-76.0
1706,-78.0,-76.0
1707,-78.0,-76.0
1708,-78.0,-76.0
1709,-78.0,-76.0
1710,-78.0,-76.0
1711,-78.0,-76.0
1712,-78.0,-76.0
1713,-78.0,-76.0
1714,-78.0,-76.0
1715,-78.0,-76.0
1716,-80.0,-78.0
1717,-78.0,-76.0
1718,-78.0,-76.0
1719,-78.0,-76.0
1720,-76.0,-76.0
1721,-76.0,-74.0
1722,-76.0,-74.0
1723,-72.0,-72.0
1724,-70.0,-70.0
1725,-70.0,-68.0
1726,-70.0,-68.0
1727,-69.0,-68.0
1728,-69.0,-67.0
1729,-69.0,-67.0
1730,-69.0,-67.0
1731,-69.0,-67.0
1732,-69.0,-67.0
1733,-67.0,-65.0
1734,-63.0,-65.0
1735,-59.0,-57.0
1736,-57.0,-55.0
1737,-56.0,-55.0
1738,-56.0,-54.0
1739,-56.0,-54.0
1740,-58.0,-56.0
1741,-58.0,-56.0
1742,-58.0,-56.0
1743,-58.0,-56.0
1744,-55.0,-56.0
1745,-55.0,-53.0
1746,-55.0,-53.0
1747,-54.0,-53.0
1748,-50.0,-52.0
1749,-50.0,-49.0
1750,-50.0,-49.0
1751,-50.0,-49.0
1752,-48.0,-47.0
1753,-42.0,-43.0
1754,-40.0,-39.0
1755,-40.0,-39.0
1756,-42.0,-41.0
1757,-44.0,-42.0
1758,-44.0,-42.0
1759,-44.0,-42.0
1760,-44.0,-42.0
1761,-44.0,-42.0
1762,-43.0,-42.0
1763,-42.0,-41.0
1764,-44.0,-42.0
1765,-44.0,-42.0
1766,-44.0,-42.0
1767,-44.0,-42.0
1768,-42.0,-40.0
1769,-42.0,-40.0
1770,-39.0,-38.0
1771,-39.0,-37.0
1772,-38.0,-37.0
1773,-37.0,-37.0
1774,-38.0,-37.0
1775,-38.0,-38.0
1776,-37.0,-37.0
1777,-36.0,-35.0
1778,-34.0,-32.0
1779,-32.0,-30.0
1780,-36.0,-34.0
1781,-31.0,-30.0
1782,-31.0,-31.0
1783,-31.0,-29.0
1784,-31.0,-29.0
1785,-30.0,-29.0
1786,-30.0,-28.0
1787,-14.0,-14.0
1788,-12.0,-12.0
1789,-11.0,-12.0
1790,-9.0,-9.0
1791,-9.0,-9.0
1792,-9.0,-9.0
1793,-9.0,-9.0
1794,-7.0,-9.0
1795,-7.0,-7.0
1796,-5.0,-5.0
1797,-5.0,-5.0
1798,-5.0,-5.0
1799,-7.0,-7.0
1800,-7.0,-8.0
1801,-8.0,-8.0
1802,-6.0,-6.0
1803,-6.0,-6.0
1804,-6.0,-6.0
1805,-6.0,-6.0
1806,-4.0,-5.0
1807,5.0,3.0
1808,5.0,3.0
1809,2.0,-1.0
1810,2.0,0.0
1811,2.0,0.0
1812,2.0,-1.0
1813,1.0,-1.0
1814,1.0,-1.0
1815,2.0,-1.0
1816,3.0,0.0
1817,3.0,1.0
1818,3.0,1.0
1819,1.0,-1.0
1820,1.0,-1.0
1821,-2.0,-5.0
1822,-2.0,-4.0
1823,-2.0,-5.0
1824,-1.0,-3.0
1825,-9.0,-11.0
1826,-9.0,-11.0
1827,-9.0,-11.0
1828,-13.0,-15.0
1829,-13.0,-15.0
1830,-13.0,-15.0
1831,-13.0,-15.0
1832,-13.0,-15.0
1833,-13.0,-15.0
1834,-13.0,-15.0
1835,-12.0,-15.0
1836,-12.0,-14.0
1837,-14.0,-16.0
1838,-16.0,-18.0
1839,-16.0,-19.0
1840,-17.0,-22.0
1841,-26.0,-27.0
1842,-31.0,-31.0
1843,-35.0,-35.0
1844,-37.0,-38.0
1845,-40.0,-40.0
1846,-40.0,-40.0
1847,-40.0,-40.0
1848,-40.0,-40.0
1849,-40.0,-41.0
1850,-43.0,-45.0
1851,-45.0,-45.0
1852,-47.0,-48.0
1853,-48.0,-48.0
1854,-48.0,-48.0
1855,-48.0,-48.0
1856,-48.0,-48.0
1857,-48.0,-48.0
1858,-48.0,-50.0
1859,-49.0,-50.0
1860,-49.0,-50.0
1861,-58.0,-56.0
1862,-58.0,-56.0
1863,-58.0,-56.0
1864,-58.0,-56.0
1865,-58.0,-57.0
1866,-59.0,-58.0
1867,-60.0,-58.0
1868,-60.0,-60.0
1869,-62.0,-60.0
1870,-64.0,-62.0
1871,-64.0,-63.0
1872,-65.0,-64.0
1873,-67.0,-64.0
1874,-67.0,-64.0
1875,-66.0,-64.0
1876,-65.0,-63.0
1877,-65.0,-63.0
1878,-66.0,-67.0
1879,-70.0,-69.0
1880,-72.0,-70.0
1881,-73.0,-70.0
1882,-73.0,-70.0
1883,-72.0,-70.0
1884,-72.0,-70.0
1885,-73.0,-70.0
1886,-73.0,-70.0
1887,-73.0,-71.0
1888,-74.0,-72.0
1889,-75.0,-72.0
1890,-75.0,-72.0
1891,-75.0,-72.0
1892,-75.0,-72.0
1893,-73.0,-70.0
1894,-71.0,-69.0
1895,-70.0,-68.0
1896,-71.0,-68.0
1897,-71.0,-68.0
1898,-70.0,-68.0
1899,-68.0,-69.0
1900,-70.0,-67.0
1901,-69.0,-67.0
1902,-69.0,-66.0
1903,-69.0,-66.0
1904,-69.0,-66.0
1905,-69.0,-66.0
1906,-69.0,-66.0
1907,-69.0,-66.0
1908,-69.0,-66.0
1909,-69.0,-67.0
1910,-72.0,-71.0
1911,-74.0,-71.0
1912,-76.0,-73.0
1913,-76.0,-73.0
1914,-76.0,-74.0
1915,-77.0,-74.0
1916,-77.0,-74.0
1917,-75.0,-74.0
1918,-74.0,-73.0
1919,-75.0,-72.0
1920,-73.0,-70.0
1921,-73.0,-70.0
1922,-73.0,-70.0
1923,-73.0,-70.0
1924,-72.0,-71.0
1925,-73.0,-70.0
1926,-71.0,-68.0
1927,-71.0,-68.0
1928,-69.0,-68.0
1929,-69.0,-66.0
1930,-69.0,-66.0
1931,-69.0,-67.0
1932,-68.0,-65.0
1933,-68.0,-65.0
1934,-68.0,-66.0
1935,-69.0,-66.0
1936,-69.0,-66.0
1937,-69.0,-66.0
1938,-68.0,-66.0
1939,-70.0,-67.0
1940,-68.0,-67.0
1941,-68.0,-65.0
1942,-68.0,-65.0
1943,-66.0,-63.0
1944,-62.0,-64.0
1945,-63.0,-60.0
1946,-63.0,-60.0
1947,-61.0,-60.0
1948,-61.0,-58.0
1949,-61.0,-59.0
1950,-64.0,-61.0
1951,-66.0,-63.0
1952,-66.0,-63.0
1953,-66.0,-63.0
1954,-66.0,-63.0
1955,-66.0,-63.0
1956,-65.0,-63.0
1957,-64.0,-62.0
1958,-64.0,-61.0
1959,-62.0,-59.0
1960,-53.0,-53.0
1961,-49.0,-49.0
1962,-47.0,-48.0
1963,-47.0,-46.0
1964,-44.0,-43.0
1965,-44.0,-42.0
1966,-44.0,-42.0
1967,-46.0,-44.0
1968,-46.0,-44.0
1969,-43.0,-42.0
1970,-39.0,-37.0
1971,-38.0,-37.0
1972,-36.0,-34.0
1973,-36.0,-34.0
1974,-36.0,-34.0
1975,-36.0,-34.0
1976,-38.0,-36.0
1977,-38.0,-36.0
1978,-34.0,-32.0
1979,-34.0,-32.0
1980,-28.0,-30.0
1981,-28.0,-27.0
1982,-28.0,-27.0
1983,-28.0,-27.0
1984,-28.0,-27.0
1985,-26.0,-25.0
1986,-24.0,-23.0
1987,-24.0,-23.0
1988,-20.0,-19.0
1989,-19.0,-19.0
1990,-19.0,-18.0
1991,-17.0,-16.0
1992,-13.0,-14.0
1993,-13.0,-14.0
1994,-13.0,-14.0
1995,-13.0,-14.0
1996,-13.0,-14.0
1997,-11.0,-12.0
1998,-3.0,-4.0
1999,1.0,-1.0
2000,2.0,1.0
2001,2.0,1.0
2002,0.0,-1.0
2003,0.0,-2.0
2004,-1.0,-2.0
2005,-1.0,-2.0
2006,-1.0,-2.0
2007,1.0,0.0
2008,3.0,2.0
2009,-1.0,-2.0
2010,-7.0,-8.0
2011,-9.0,-10.0
2012,-9.0,-10.0
2013,-9.0,-10.0
2014,-7.0,-8.0
2015,-5.0,-6.0
2016,-5.0,-6.0
2017,-7.0,-8.0
2018,-11.0,-13.0
2019,-14.0,-15.0
2020,-18.0,-19.0
2021,-28.0,-29.0
2022,-28.0,-29.0
2023,-28.0,-30.0
2024,-29.0,-30.0
2025,-29.0,-30.0
2026,-31.0,-32.0
2027,-31.0,-32.0
2028,-31.0,-32.0
2029,-28.0,-30.0
2030,-24.0,-26.0
2031,-24.0,-26.0
2032,-26.0,-27.0
2033,-26.0,-27.0
2034,-26.0,-27.0
2035,-26.0,-27.0
2036,-26.0,-27.0
2037,-26.0,-27.0
2038,-24.0,-25.0
2039,-24.0,-25.0
2040,-24.0,-25.0
2041,-26.0,-27.0
2042,-28.0,-30.0
2043,-29.0,-32.0
2044,-29.0,-31.0
2045,-30.0,-32.0
2046,-31.0,-32.0
2047,-33.0,-34.0
2048,-33.0,-34.0
2049,-33.0,-36.0
2050,-37.0,-38.0
2051,-45.0,-44.0
2052,-47.0,-47.0
2053,-48.0,-49.0
2054,-48.0,-47.0
2055,-48.0,-48.0
2056,-51.0,-51.0
2057,-54.0,-53.0
2058,-53.0,-54.0
2059,-55.0,-53.0
2060,-55.0,-53.0
2061,-55.0,-53.0
2062,-55.0,-53.0
2063,-55.0,-53.0
2064,-53.0,-51.0
2065,-53.0,-51.0
2066,-53.0,-51.0
2067,-53.0,-51.0
2068,-53.0,-51.0
2069,-50.0,-50.0
2070,-52.0,-51.0
2071,-52.0,-54.0
2072,-57.0,-54.0
2073,-57.0,-57.0
2074,-60.0,-58.0
2075,-63.0,-60.0
2076,-63.0,-60.0
2077,-63.0,-60.0
2078,-63.0,-60.0
2079,-65.0,-62.0
2080,-65.0,-63.0
2081,-66.0,-64.0
2082,-65.0,-62.0
2083,-65.0,-62.0
2084,-65.0,-63.0
2085,-66.0,-63.0
2086,-65.0,-63.0
2087,-65.0,-62.0
2088,-65.0,-62.0
2089,-65.0,-62.0
2090,-67.0,-65.0
2091,-68.0,-65.0
2092,-68.0,-65.0
2093,-68.0,-67.0
2094,-70.0,-67.0
2095,-69.0,-67.0
2096,-69.0,-67.0
2097,-70.0,-68.0
2098,-73.0,-70.0
2099,-73.0,-70.0
2100,-79.0,-76.0
2101,-79.0,-76.0
2102,-79.0,-76.0
2103,-79.0,-76.0
2104,-79.0,-76.0
2105,-81.0,-78.0
2106,-81.0,-79.0
2107,-82.0,-79.0
2108,-82.0,-79.0
2109,-82.0,-79.0
2110,-82.0,-80.0
2111,-83.0,-80.0
2112,-83.0,-80.0
2113,-83.0,-80.0
2114,-83.0,-80.0
2115,-83.0,-80.0
2116,-83.0,-80.0
2117,-83.0,-80.0
2118,-85.0,-82.0
2119,-83.0,-80.0
2120,-83.0,-80.0
2121,-82.0,-80.0
2122,-82.0,-80.0
2123,-80.0,-78.0
2124,-80.0,-77.0
2125,-80.0,-77.0
2126,-80.0,-77.0
2127,-80.0,-77.0
2128,-78.0,-77.0
2129,-75.0,-75.0
2130,-74.0,-72.0
2131,-74.0,-71.0
2132,-74.0,-71.0
2133,-74.0,-71.0
2134,-74.0,-71.0
2135,-74.0,-71.0
2136,-73.0,-71.0
2137,-71.0,-70.0
2138,-66.0,-66.0
2139,-64.0,-63.0
2140,-59.0,-61.0
2141,-61.0,-58.0
2142,-61.0,-58.0
2143,-59.0,-56.0
2144,-59.0,-56.0
2145,-58.0,-56.0
2146,-58.0,-55.0
2147,-58.0,-55.0
2148,-58.0,-55.0
2149,-60.0,-57.0
2150,-58.0,-55.0
2151,-57.0,-55.0
2152,-57.0,-54.0
2153,-56.0,-54.0
2154,-56.0,-53.0
2155,-56.0,-53.0
2156,-56.0,-53.0
2157,-56.0,-53.0
2158,-56.0,-53.0
2159,-56.0,-53.0
2160,-55.0,-54.0
2161,-55.0,-53.0
2162,-53.0,-50.0
2163,-49.0,-48.0
2164,-49.0,-46.0
2165,-47.0,-44.0
2166,-46.0,-44.0
2167,-46.0,-43.0
2168,-46.0,-44.0
2169,-42.0,-40.0
2170,-37.0,-39.0
2171,-36.0,-35.0
2172,-34.0,-32.0
2173,-30.0,-28.0
2174,-30.0,-28.0
2175,-27.0,-26.0
2176,-24.0,-23.0
2177,-24.0,-22.0
2178,-20.0,-20.0
2179,-20.0,-20.0
2180,-20.0,-20.0
2181,-20.0,-20.0
2182,-20.0,-20.0
2183,-22.0,-22.0
2184,-22.0,-22.0
2185,-22.0,-22.0
2186,-22.0,-22.0
2187,-24.0,-24.0
2188,-24.0,-24.0
2189,-21.0,-22.0
2190,-21.0,-21.0
2191,-11.0,-13.0
2192,-11.0,-13.0
2193,-7.0,-9.0
2194,-6.0,-9.0
2195,-6.0,-8.0
2196,-6.0,-9.0
2197,-7.0,-9.0
2198,-6.0,-9.0
2199,-6.0,-9.0
2200,-5.0,-7.0
2201,-3.0,-5.0
2202,-3.0,-5.0
2203,-7.0,-7.0
2204,-5.0,-5.0
2205,-7.0,-7.0
2206,-7.0,-7.0
2207,-7.0,-8.0
2208,-8.0,-8.0
2209,-7.0,-8.0
2210,-5.0,-6.0
2211,-6.0,-6.0
2212,-8.0,-8.0
2213,-4.0,-4.0
2214,-4.0,-4.0
2215,-4.0,-4.0
2216,-2.0,-2.0
2217,-1.0,-2.0
2218,-1.0,-1.0
2219,2.0,-1.0
2220,-6.0,-6.0
2221,-12.0,-12.0
2222,-12.0,-13.0
2223,-15.0,-16.0
2224,-15.0,-16.0
2225,-15.0,-15.0
2226,-13.0,-13.0
2227,-13.0,-13.0
2228,-13.0,-13.0
2229,-15.0,-15.0
2230,-15.0,-16.0
2231,-18.0,-18.0
2232,-24.0,-22.0
2233,-26.0,-25.0
2234,-29.0,-29.0
2235,-31.0,-29.0
2236,-31.0,-29.0
2237,-30.0,-29.0
2238,-30.0,-28.0
2239,-30.0,-28.0
2240,-32.0,-30.0
2241,-34.0,-32.0
2242,-32.0,-31.0
2243,-33.0,-31.0
2244,-35.0,-33.0
2245,-41.0,-40.0
2246,-42.0,-40.0
2247,-42.0,-42.0
2248,-44.0,-42.0
2249,-46.0,-44.0
2250,-46.0,-44.0
2251,-46.0,-44.0
2252,-46.0,-44.0
2253,-46.0,-44.0
2254,-46.0,-44.0
2255,-46.0,-44.0
2256,-46.0,-45.0
2257,-47.0,-46.0
2258,-48.0,-46.0
2259,-48.0,-46.0
2260,-49.0,-48.0
2261,-49.0,-47.0
2262,-53.0,-51.0
2263,-53.0,-52.0
2264,-54.0,-53.0
2265,-57.0,-55.0
2266,-57.0,-55.0
2267,-57.0,-55.0
2268,-56.0,-55.0
2269,-56.0,-54.0
2270,-56.0,-54.0
2271,-58.0,-56.0
2272,-58.0,-57.0
2273,-59.0,-58.0
2274,-61.0,-59.0
2275,-62.0,-59.0
2276,-62.0,-60.0
2277,-63.0,-60.0
2278,-63.0,-60.0
2279,-63.0,-60.0
2280,-61.0,-58.0
2281,-61.0,-60.0
2282,-63.0,-64.0
2283,-63.0,-60.0
2284,-65.0,-63.0
2285,-66.0,-63.0
2286,-66.0,-63.0
2287,-66.0,-63.0
2288,-64.0,-62.0
2289,-65.0,-62.0
2290,-65.0,-63.0
2291,-66.0,-63.0
2292,-66.0,-64.0
2293,-67.0,-65.0
2294,-68.0,-65.0
2295,-68.0,-65.0
2296,-68.0,-66.0
2297,-69.0,-66.0
2298,-69.0,-66.0
2299,-69.0,-66.0
2300,-69.0,-66.0
2301,-69.0,-66.0
2302,-68.0,-67.0
2303,-70.0,-66.0
2304,-70.0,-66.0
2305,-70.0,-67.0
2306,-72.0,-69.0
2307,-72.0,-68.0
2308,-72.0,-68.0
2309,-72.0,-68.0
2310,-72.0,-68.0
2311,-72.0,-68.0
2312,-71.0,-69.0
2313,-71.0,-68.0
2314,-71.0,-67.0
2315,-71.0,-67.0
2316,-69.0,-66.0
2317,-70.0,-66.0
2318,-72.0,-68.0
2319,-70.0,-67.0
2320,-73.0,-69.0
2321,-73.0,-69.0
2322,-71.0,-69.0
2323,-71.0,-68.0
2324,-70.0,-68.0
2325,-70.0,-67.0
2326,-70.0,-67.0
2327,-68.0,-65.0
2328,-68.0,-65.0
2329,-68.0,-65.0
2330,-66.0,-63.0
2331,-67.0,-65.0
2332,-67.0,-64.0
2333,-67.0,-65.0
2334,-68.0,-65.0
2335,-68.0,-65.0
2336,-67.0,-65.0
2337,-67.0,-64.0
2338,-67.0,-64.0
2339,-63.0,-64.0
2340,-60.0,-60.0
2341,-60.0,-57.0
2342,-57.0,-55.0
2343,-55.0,-53.0
2344,-56.0,-53.0
2345,-56.0,-53.0
2346,-56.0,-53.0
2347,-56.0,-53.0
2348,-55.0,-53.0
2349,-54.0,-52.0
2350,-51.0,-49.0
2351,-48.0,-48.0
2352,-47.0,-46.0
2353,-44.0,-43.0
2354,-40.0,-38.0
2355,-40.0,-39.0
2356,-41.0,-40.0
2357,-42.0,-40.0
2358,-42.0,-41.0
2359,-42.0,-41.0
2360,-41.0,-40.0
2361,-41.0,-39.0
2362,-41.0,-39.0
2363,-40.0,-39.0
2364,-39.0,-40.0
2365,-37.0,-35.0
2366,-37.0,-35.0
2367,-33.0,-31.0
2368,-32.0,-31.0
2369,-32.0,-30.0
2370,-32.0,-30.0
2371,-34.0,-33.0
2372,-35.0,-33.0
2373,-35.0,-33.0
2374,-37.0,-35.0
2375,-37.0,-35.0
2376,-35.0,-33.0
2377,-33.0,-31.0
2378,-33.0,-31.0
2379,-32.0,-31.0
2380,-32.0,-30.0
2381,-30.0,-30.0
2382,-32.0,-30.0
2383,-30.0,-30.0
2384,-29.0,-28.0
2385,-29.0,-27.0
2386,-31.0,-29.0
2387,-31.0,-29.0
2388,-31.0,-29.0
2389,-31.0,-29.0
2390,-30.0,-29.0
2391,-30.0,-28.0
2392,-28.0,-26.0
2393,-24.0,-24.0
2394,-24.0,-24.0
2395,-24.0,-24.0
2396,-24.0,-24.0
2397,-24.0,-24.0
2398,-24.0,-24.0
2399,-24.0,-24.0
2400,-26.0,-26.0
2401,-22.0,-22.0
2402,-14.0,-14.0
2403,-13.0,-14.0
2404,-13.0,-13.0
2405,-15.0,-15.0
2406,-15.0,-15.0
2407,-17.0,-17.0
2408,-15.0,-15.0
2409,-15.0,-15.0
2410,-13.0,-13.0
2411,-13.0,-13.0
2412,-13.0,-13.0
2413,-13.0,-13.0
2414,-15.0,-15.0
2415,-15.0,-15.0
2416,-13.0,-13.0
2417,-15.0,-15.0
2418,-15.0,-15.0
2419,-15.0,-15.0
2420,-15.0,-15.0
2421,-17.0,-17.0
2422,-13.0,-15.0
2423,-13.0,-16.0
2424,-14.0,-16.0
2425,-11.0,-14.0
2426,-13.0,-15.0
2427,-13.0,-16.0
2428,-14.0,-16.0
2429,-18.0,-20.0
2430,-18.0,-20.0
2431,-18.0,-20.0
2432,-16.0,-18.0
2433,-18.0,-20.0
2434,-34.0,-34.0
2435,-34.0,-34.0
2436,-32.0,-32.0
2437,-33.0,-34.0
2438,-35.0,-36.0
2439,-33.0,-34.0
2440,-33.0,-33.0
2441,-35.0,-35.0
2442,-35.0,-35.0
2443,-35.0,-35.0
2444,-37.0,-37.0
2445,-37.0,-37.0
2446,-37.0,-37.0
2447,-37.0,-37.0
2448,-37.0,-37.0
2449,-37.0,-37.0
2450,-36.0,-37.0
2451,-36.0,-36.0
2452,-36.0,-36.0
2453,-34.0,-34.0
2454,-36.0,-36.0
2455,-36.0,-37.0
2456,-37.0,-37.0
2457,-37.0,-37.0
2458,-37.0,-37.0
2459,-39.0,-39.0
2460,-39.0,-41.0
2461,-41.0,-41.0
2462,-43.0,-43.0
2463,-41.0,-42.0
2464,-42.0,-42.0
2465,-48.0,-48.0
2466,-50.0,-48.0
2467,-50.0,-48.0
2468,-50.0,-51.0
2469,-53.0,-51.0
2470,-53.0,-51.0
2471,-53.0,-51.0
2472,-53.0,-51.0
2473,-53.0,-51.0
2474,-55.0,-54.0
2475,-54.0,-52.0
2476,-52.0,-50.0
2477,-52.0,-52.0
2478,-52.0,-51.0
2479,-53.0,-51.0
2480,-53.0,-51.0
2481,-52.0,-51.0
2482,-52.0,-50.0
2483,-51.0,-51.0
2484,-54.0,-52.0
2485,-54.0,-55.0
2486,-57.0,-56.0
2487,-58.0,-56.0
2488,-60.0,-58.0
2489,-60.0,-58.0
2490,-59.0,-59.0
2491,-60.0,-58.0
2492,-60.0,-58.0
2493,-59.0,-58.0
2494,-59.0,-57.0
2495,-59.0,-59.0
2496,-61.0,-60.0
2497,-62.0,-60.0
2498,-62.0,-60.0
2499,-62.0,-60.0
2500,-62.0,-60.0
2501,-61.0,-60.0
2502,-61.0,-59.0
2503,-57.0,-55.0
2504,-57.0,-55.0
2505,-56.0,-56.0
2506,-57.0,-55.0
2507,-59.0,-57.0
2508,-61.0,-59.0
2509,-61.0,-59.0
2510,-61.0,-59.0
2511,-61.0,-59.0
2512,-61.0,-59.0
2513,-60.0,-59.0
2514,-60.0,-58.0
2515,-59.0,-59.0
2516,-60.0,-58.0
2517,-60.0,-58.0
2518,-60.0,-59.0
2519,-60.0,-59.0
2520,-60.0,-58.0
2521,-60.0,-58.0
2522,-60.0,-58.0
2523,-61.0,-60.0
2524,-60.0,-59.0
2525,-62.0,-60.0
2526,-61.0,-60.0
2527,-61.0,-59.0
2528,-61.0,-60.0
2529,-62.0,-60.0
2530,-62.0,-60.0
2531,-61.0,-60.0
2532,-60.0,-59.0
2533,-61.0,-60.0
2534,-61.0,-60.0
2535,-64.0,-62.0
2536,-63.0,-62.0
2537,-63.0,-61.0
2538,-63.0,-61.0
2539,-63.0,-61.0
2540,-62.0,-61.0
2541,-62.0,-60.0
2542,-62.0,-60.0
2543,-60.0,-58.0
2544,-60.0,-58.0
2545,-59.0,-58.0
2546,-59.0,-57.0
2547,-57.0,-55.0
2548,-55.0,-55.0
2549,-55.0,-53.0
2550,-55.0,-53.0
2551,-55.0,-53.0
2552,-54.0,-53.0
2553,-46.0,-52.0
2554,-46.0,-45.0
2555,-46.0,-45.0
2556,-45.0,-45.0
2557,-44.0,-44.0
2558,-42.0,-41.0
2559,-42.0,-41.0
2560,-41.0,-41.0
2561,-41.0,-40.0
2562,-41.0,-40.0
2563,-40.0,-40.0
2564,-40.0,-39.0
2565,-40.0,-39.0
2566,-40.0,-39.0
2567,-40.0,-39.0
2568,-42.0,-41.0
2569,-42.0,-41.0
2570,-42.0,-41.0
2571,-42.0,-42.0
2572,-43.0,-42.0
2573,-42.0,-42.0
2574,-42.0,-41.0
2575,-40.0,-39.0
2576,-40.0,-39.0
2577,-40.0,-40.0
2578,-40.0,-42.0
2579,-42.0,-41.0
2580,-38.0,-37.0
2581,-37.0,-37.0
2582,-37.0,-36.0
2583,-35.0,-34.0
2584,-32.0,-34.0
2585,-28.0,-28.0
2586,-28.0,-28.0
2587,-28.0,-28.0
2588,-22.0,-22.0
2589,-22.0,-23.0
2590,-23.0,-23.0
2591,-23.0,-23.0
2592,-23.0,-23.0
2593,-24.0,-25.0
2594,-22.0,-22.0
2595,-22.0,-22.0
2596,-22.0,-22.0
2597,-18.0,-18.0
2598,-16.0,-16.0
2599,-16.0,-16.0
2600,-16.0,-17.0
2601,-17.0,-17.0
2602,-17.0,-17.0
2603,-14.0,-15.0
2604,-14.0,-15.0
2605,-9.0,-9.0
2606,-7.0,-7.0
2607,-6.0,-7.0
2608,-8.0,-8.0
2609,-8.0,-8.0
2610,-5.0,-6.0
2611,-5.0,-5.0
2612,-7.0,-7.0
2613,-7.0,-7.0
2614,-7.0,-7.0
2615,-3.0,-3.0
2616,-1.0,-1.0
2617,-1.0,-1.0
2618,-5.0,-5.0
2619,-5.0,-5.0
2620,-5.0,-5.0
2621,-5.0,-5.0
2622,-5.0,-5.0
2623,-9.0,-9.0
2624,-9.0,-9.0
2625,-7.0,-7.0
2626,-14.0,-15.0
2627,-17.0,-18.0
2628,-17.0,-18.0
2629,-18.0,-18.0
2630,-20.0,-21.0
2631,-21.0,-21.0
2632,-21.0,-21.0
2633,-21.0,-21.0
2634,-21.0,-21.0
2635,-19.0,-19.0
2636,-27.0,-28.0
2637,-28.0,-29.0
2638,-27.0,-27.0
2639,-27.0,-27.0
2640,-27.0,-28.0
2641,-28.0,-28.0
2642,-29.0,-30.0
2643,-29.0,-29.0
2644,-28.0,-30.0
2645,-29.0,-29.0
2646,-29.0,-29.0
2647,-31.0,-31.0
2648,-29.0,-30.0
2649,-30.0,-30.0
2650,-32.0,-32.0
2651,-32.0,-32.0
2652,-31.0,-32.0
2653,-31.0,-31.0
2654,-28.0,-30.0
2655,-33.0,-33.0
2656,-33.0,-33.0
2657,-33.0,-33.0
2658,-33.0,-36.0
2659,-36.0,-36.0
2660,-36.0,-37.0
2661,-37.0,-37.0
2662,-39.0,-39.0
2663,-39.0,-40.0
2664,-40.0,-40.0
2665,-40.0,-41.0
2666,-43.0,-44.0
2667,-44.0,-44.0
2668,-44.0,-45.0
2669,-47.0,-47.0
2670,-47.0,-48.0
2671,-48.0,-49.0
2672,-49.0,-49.0
2673,-49.0,-49.0
2674,-49.0,-49.0
2675,-49.0,-49.0
2676,-49.0,-49.0
2677,-49.0,-49.0
2678,-49.0,-49.0
2679,-49.0,-52.0
2680,-52.0,-53.0
2681,-57.0,-58.0
2682,-58.0,-58.0
2683,-58.0,-58.0
2684,-58.0,-58.0
2685,-58.0,-58.0
2686,-58.0,-58.0
2687,-57.0,-58.0
2688,-57.0,-58.0
2689,-58.0,-59.0
2690,-59.0,-59.0
2691,-57.0,-57.0
2692,-59.0,-59.0
2693,-59.0,-59.0
2694,-59.0,-61.0
2695,-61.0,-63.0
2696,-63.0,-63.0
2697,-61.0,-61.0
2698,-57.0,-58.0
2699,-58.0,-58.0
2700,-58.0,-59.0
2701,-59.0,-59.0
2702,-59.0,-59.0
2703,-59.0,-59.0
2704,-59.0,-60.0
2705,-60.0,-60.0
2706,-60.0,-60.0
2707,-60.0,-60.0
2708,-60.0,-60.0
2709,-58.0,-58.0
2710,-58.0,-58.0
2711,-58.0,-58.0
2712,-57.0,-58.0
2713,-57.0,-57.0
2714,-57.0,-57.0
2715,-57.0,-57.0
2716,-57.0,-57.0
2717,-57.0,-57.0
2718,-57.0,-57.0
2719,-57.0,-57.0
2720,-55.0,-55.0
2721,-55.0,-55.0
2722,-55.0,-55.0
2723,-55.0,-55.0
2724,-53.0,-53.0
2725,-55.0,-57.0
2726,-57.0,-57.0
2727,-56.0,-57.0
2728,-56.0,-56.0
2729,-56.0,-56.0
2730,-56.0,-56.0
2731,-55.0,-56.0
2732,-55.0,-55.0
2733,-55.0,-55.0
2734,-55.0,-55.0
2735,-55.0,-55.0
2736,-59.0,-59.0
2737,-57.0,-59.0
2738,-57.0,-57.0
2739,-57.0,-57.0
2740,-57.0,-57.0
2741,-61.0,-61.0
2742,-59.0,-61.0
2743,-59.0,-59.0
2744,-59.0,-59.0
2745,-55.0,-59.0
2746,-53.0,-55.0
2747,-53.0,-54.0
2748,-52.0,-52.0
2749,-51.0,-52.0
2750,-49.0,-49.0
2751,-49.0,-49.0
2752,-49.0,-49.0
2753,-51.0,-51.0
2754,-51.0,-51.0
2755,-47.0,-51.0
2756,-45.0,-45.0
2757,-43.0,-43.0
2758,-43.0,-43.0
2759,-43.0,-43.0
2760,-41.0,-41.0
2761,-40.0,-41.0
2762,-40.0,-40.0
2763,-40.0,-40.0
2764,-38.0,-38.0
2765,-38.0,-38.0
2766,-37.0,-38.0
2767,-39.0,-39.0
2768,-37.0,-37.0
2769,-36.0,-37.0
2770,-36.0,-36.0
2771,-36.0,-36.0
2772,-36.0,-36.0
2773,-36.0,-36.0
2774,-32.0,-34.0
2775,-34.0,-34.0
2776,-34.0,-34.0
2777,-40.0,-40.0
2778,-34.0,-34.0
2779,-34.0,-34.0
2780,-32.0,-32.0
2781,-31.0,-32.0
2782,-31.0,-31.0
2783,-29.0,-29.0
2784,-29.0,-29.0
2785,-26.0,-27.0
2786,-24.0,-24.0
2787,-24.0,-24.0
2788,-21.0,-22.0
2789,-21.0,-21.0
2790,-19.0,-19.0
2791,-17.0,-17.0
2792,-17.0,-17.0
2793,-17.0,-17.0
2794,-17.0,-19.0
2795,-19.0,-19.0
2796,-23.0,-23.0
2797,-23.0,-23.0
2798,-23.0,-23.0
2799,-17.0,-17.0
2800,-13.0,-15.0
2801,-11.0,-11.0
2802,-11.0,-11.0
2803,-11.0,-11.0
2804,-17.0,-17.0
2805,-17.0,-17.0
2806,-19.0,-19.0
2807,-21.0,-23.0
2808,-21.0,-21.0
2809,-19.0,-19.0
2810,-19.0,-19.0
2811,-18.0,-19.0
2812,-18.0,-18.0
2813,-18.0,-18.0
2814,-14.0,-14.0
2815,-10.0,-10.0
2816,-10.0,-10.0
2817,-10.0,-10.0
2818,-8.0,-8.0
2819,-8.0,-8.0
2820,-6.0,-6.0
2821,-6.0,-6.0
2822,-8.0,-8.0
2823,-8.0,-8.0
2824,-6.0,-6.0
2825,-12.0,-12.0
2826,-12.0,-12.0
2827,-12.0,-12.0
2828,-14.0,-14.0
2829,-14.0,-14.0
2830,-16.0,-16.0
2831,-16.0,-16.0
2832,-16.0,-16.0
2833,-18.0,-18.0
2834,-18.0,-19.0
2835,-19.0,-20.0
2836,-24.0,-25.0
2837,-25.0,-25.0
2838,-25.0,-25.0
2839,-25.0,-26.0
2840,-26.0,-26.0
2841,-28.0,-28.0
2842,-28.0,-28.0
2843,-28.0,-28.0
2844,-27.0,-28.0
2845,-23.0,-23.0
2846,-27.0,-27.0
2847,-27.0,-29.0
2848,-29.0,-29.0
2849,-29.0,-29.0
2850,-29.0,-29.0
2851,-31.0,-31.0
2852,-31.0,-31.0
2853,-31.0,-31.0
2854,-31.0,-33.0
2855,-31.0,-33.0
2856,-35.0,-35.0
2857,-39.0,-43.0
2858,-43.0,-43.0
2859,-45.0,-46.0
2860,-44.0,-47.0
2861,-45.0,-45.0
2862,-45.0,-45.0
2863,-45.0,-45.0
2864,-45.0,-45.0
2865,-47.0,-47.0
2866,-49.0,-49.0
2867,-47.0,-48.0
2868,-48.0,-48.0
2869,-48.0,-48.0
2870,-50.0,-50.0
2871,-50.0,-50.0
2872,-49.0,-50.0
2873,-51.0,-53.0
2874,-53.0,-53.0
2875,-53.0,-54.0
2876,-56.0,-56.0
2877,-56.0,-56.0
2878,-56.0,-56.0
2879,-56.0,-57.0
2880,-57.0,-57.0
2881,-57.0,-57.0
2882,-57.0,-58.0
2883,-58.0,-58.0
2884,-58.0,-58.0
2885,-58.0,-58.0
2886,-57.0,-59.0
2887,-58.0,-58.0
2888,-58.0,-60.0
2889,-60.0,-60.0
2890,-60.0,-60.0
2891,-60.0,-60.0
2892,-60.0,-60.0
2893,-60.0,-60.0
2894,-59.0,-60.0
2895,-59.0,-62.0
2896,-59.0,-63.0
2897,-60.0,-60.0
2898,-60.0,-60.0
2899,-60.0,-60.0
2900,-60.0,-60.0
2901,-60.0,-60.0
2902,-60.0,-61.0
2903,-61.0,-61.0
2904,-61.0,-61.0
2905,-61.0,-61.0
2906,-63.0,-63.0
2907,-63.0,-65.0
2908,-65.0,-66.0
2909,-66.0,-67.0
2910,-67.0,-67.0
2911,-67.0,-67.0
2912,-67.0,-67.0
2913,-67.0,-67.0
2914,-63.0,-63.0
2915,-61.0,-63.0
2916,-61.0,-62.0
2917,-62.0,-62.0
2918,-62.0,-62.0
2919,-62.0,-62.0
2920,-62.0,-62.0
2921,-62.0,-62.0
2922,-62.0,-62.0
2923,-59.0,-62.0
2924,-59.0,-59.0
2925,-58.0,-59.0
2926,-57.0,-58.0
2927,-53.0,-53.0
2928,-53.0,-53.0
2929,-53.0,-53.0
2930,-53.0,-53.0
2931,-53.0,-53.0
2932,-53.0,-53.0
2933,-53.0,-53.0
2934,-53.0,-53.0
2935,-53.0,-53.0
2936,-53.0,-53.0
2937,-53.0,-54.0
2938,-54.0,-54.0
2939,-54.0,-55.0
2940,-55.0,-55.0
2941,-54.0,-55.0
2942,-54.0,-54.0
2943,-54.0,-54.0
2944,-51.0,-54.0
2945,-51.0,-51.0
2946,-53.0,-53.0
2947,-52.0,-53.0
2948,-52.0,-52.0
2949,-51.0,-52.0
2950,-51.0,-52.0
2951,-52.0,-52.0
2952,-51.0,-52.0
2953,-51.0,-51.0
2954,-49.0,-49.0
2955,-45.0,-47.0
2956,-43.0,-43.0
2957,-43.0,-43.0
2958,-43.0,-43.0
2959,-41.0,-42.0
2960,-41.0,-42.0
2961,-41.0,-41.0
2962,-43.0,-43.0
2963,-43.0,-43.0
2964,-43.0,-43.0
2965,-41.0,-43.0
2966,-43.0,-43.0
2967,-39.0,-39.0
2968,-39.0,-39.0
2969,-39.0,-39.0
2970,-38.0,-39.0
2971,-38.0,-38.0
2972,-38.0,-38.0
2973,-38.0,-38.0
2974,-34.0,-34.0
2975,-32.0,-34.0
2976,-30.0,-32.0
2977,-22.0,-22.0
2978,-21.0,-22.0
2979,-19.0,-20.0
2980,-18.0,-18.0
2981,-18.0,-18.0
2982,-18.0,-18.0
2983,-18.0,-18.0
2984,-19.0,-20.0
2985,-18.0,-19.0
2986,-18.0,-18.0
2987,-16.0,-17.0
2988,-17.0,-18.0
2989,-17.0,-19.0
2990,-18.0,-18.0
2991,-18.0,-18.0
2992,-17.0,-18.0
2993,-13.0,-13.0
2994,-15.0,-15.0
2995,-12.0,-14.0
2996,-13.0,-13.0
2997,-13.0,-13.0
2998,-13.0,-14.0
2999,-12.0,-12.0
3000,-14.0,-14.0
3001,-14.0,-14.0
3002,-12.0,-12.0
3003,-12.0,-12.0
3004,-12.0,-12.0
3005,-12.0,-12.0
3006,-20.0,-20.0
3007,-22.0,-22.0
3008,-18.0,-18.0
3009,-20.0,-20.0
3010,-20.0,-21.0
3011,-22.0,-21.0
3012,-22.0,-21.0
3013,-22.0,-21.0
3014,-22.0,-21.0
3015,-16.0,-15.0
3016,-16.0,-15.0
3017,-18.0,-17.0
3018,-18.0,-17.0
3019,-20.0,-19.0
3020,-20.0,-19.0
3021,-20.0,-19.0
3022,-20.0,-19.0
3023,-20.0,-19.0
3024,-20.0,-19.0
3025,-21.0,-21.0
3026,-21.0,-20.0
3027,-21.0,-20.0
3028,-21.0,-20.0
3029,-19.0,-19.0
3030,-24.0,-23.0
3031,-24.0,-23.0
3032,-24.0,-23.0
3033,-24.0,-23.0
3034,-24.0,-23.0
3035,-24.0,-23.0
3036,-22.0,-21.0
3037,-22.0,-21.0
3038,-22.0,-21.0
3039,-22.0,-21.0
3040,-22.0,-21.0
3041,-22.0,-21.0
3042,-22.0,-21.0
3043,-22.0,-21.0
3044,-22.0,-21.0
3045,-24.0,-23.0
3046,-26.0,-25.0
3047,-26.0,-25.0
3048,-26.0,-26.0
3049,-29.0,-30.0
3050,-31.0,-30.0
3051,-31.0,-30.0
3052,-37.0,-36.0
3053,-37.0,-36.0
3054,-37.0,-36.0
3055,-37.0,-36.0
3056,-39.0,-39.0
3057,-38.0,-37.0
3058,-40.0,-40.0
3059,-41.0,-40.0
3060,-43.0,-43.0
3061,-44.0,-43.0
3062,-44.0,-43.0
3063,-44.0,-44.0
3064,-45.0,-45.0
3065,-45.0,-45.0
3066,-47.0,-46.0
3067,-47.0,-51.0
3068,-52.0,-54.0
3069,-57.0,-56.0
3070,-55.0,-54.0
3071,-55.0,-54.0
3072,-55.0,-54.0
3073,-55.0,-54.0
3074,-55.0,-54.0
3075,-55.0,-54.0
3076,-59.0,-58.0
3077,-59.0,-59.0
3078,-60.0,-60.0
3079,-59.0,-58.0
3080,-59.0,-58.0
3081,-58.0,-58.0
3082,-58.0,-57.0
3083,-60.0,-59.0
3084,-60.0,-59.0
3085,-59.0,-59.0
3086,-59.0,-59.0
3087,-61.0,-60.0
3088,-62.0,-61.0
3089,-63.0,-61.0
3090,-63.0,-61.0
3091,-63.0,-61.0
3092,-63.0,-61.0
3093,-63.0,-61.0
3094,-63.0,-61.0
3095,-63.0,-61.0
3096,-63.0,-61.0
3097,-63.0,-61.0
3098,-63.0,-62.0
3099,-62.0,-60.0
3100,-62.0,-61.0
3101,-63.0,-61.0
3102,-63.0,-61.0
3103,-62.0,-62.0
3104,-63.0,-62.0
3105,-64.0,-62.0
3106,-64.0,-62.0
3107,-62.0,-60.0
3108,-60.0,-58.0
3109,-58.0,-56.0
3110,-58.0,-56.0
3111,-58.0,-56.0
3112,-58.0,-56.0
3113,-59.0,-58.0
3114,-59.0,-58.0
3115,-58.0,-56.0
3116,-58.0,-56.0
3117,-58.0,-56.0
3118,-56.0,-54.0
3119,-57.0,-56.0
3120,-57.0,-55.0
3121,-57.0,-56.0
3122,-58.0,-56.0
3123,-58.0,-56.0
3124,-58.0,-56.0
3125,-53.0,-56.0
3126,-52.0,-51.0
3127,-52.0,-50.0
3128,-51.0,-50.0
3129,-51.0,-49.0
3130,-47.0,-47.0
3131,-47.0,-47.0
3132,-47.0,-47.0
3133,-47.0,-47.0
3134,-47.0,-47.0
3135,-46.0,-47.0
3136,-45.0,-46.0
3137,-47.0,-47.0
3138,-46.0,-48.0
3139,-47.0,-47.0
3140,-47.0,-48.0
3141,-47.0,-48.0
3142,-47.0,-47.0
3143,-47.0,-47.0
3144,-46.0,-47.0
3145,-46.0,-46.0
3146,-44.0,-46.0
3147,-43.0,-44.0
3148,-43.0,-43.0
3149,-39.0,-41.0
3150,-39.0,-39.0
3151,-41.0,-41.0
3152,-41.0,-41.0
3153,-41.0,-41.0
3154,-41.0,-41.0
3155,-41.0,-41.0
3156,-41.0,-41.0
3157,-41.0,-41.0
3158,-43.0,-43.0
3159,-43.0,-43.0
3160,-43.0,-43.0
3161,-43.0,-43.0
3162,-45.0,-45.0
3163,-45.0,-46.0
3164,-45.0,-47.0
3165,-45.0,-46.0
3166,-45.0,-45.0
3167,-51.0,-51.0
3168,-48.0,-49.0
3169,-44.0,-44.0
3170,-44.0,-44.0
3171,-41.0,-45.0
3172,-42.0,-42.0
3173,-42.0,-42.0
3174,-42.0,-44.0
3175,-43.0,-44.0
3176,-41.0,-42.0
3177,-41.0,-42.0
3178,-38.0,-39.0
3179,-37.0,-38.0
3180,-35.0,-35.0
3181,-35.0,-35.0
3182,-35.0,-35.0
3183,-33.0,-33.0
3184,-31.0,-31.0
3185,-34.0,-33.0
3186,-34.0,-32.0
3187,-24.0,-22.0
3188,-17.0,-16.0
3189,-17.0,-15.0
3190,-17.0,-15.0
3191,-17.0,-15.0
3192,-17.0,-16.0
3193,-18.0,-16.0
3194,-18.0,-16.0
3195,-16.0,-16.0
3196,-16.0,-14.0
3197,-14.0,-12.0
3198,-12.0,-10.0
3199,-12.0,-10.0
3200,-12.0,-10.0
3201,-16.0,-14.0
3202,-15.0,-14.0
3203,-15.0,-13.0
3204,-15.0,-13.0
3205,-15.0,-14.0
3206,-12.0,-12.0
3207,-16.0,-16.0
3208,-14.0,-14.0
3209,-14.0,-14.0
3210,-14.0,-14.0
3211,-14.0,-14.0
3212,-16.0,-16.0
3213,-16.0,-17.0
3214,-17.0,-17.0
3215,-17.0,-17.0
3216,-17.0,-17.0
3217,-19.0,-19.0
3218,-17.0,-17.0
3219,-17.0,-17.0
3220,-15.0,-15.0
3221,-15.0,-15.0
3222,-17.0,-17.0
3223,-15.0,-15.0
3224,-13.0,-13.0
3225,-19.0,-19.0
3226,-19.0,-19.0
3227,-19.0,-19.0
3228,-19.0,-19.0
3229,-21.0,-21.0
3230,-21.0,-21.0
3231,-21.0,-21.0
3232,-26.0,-27.0
3233,-26.0,-26.0
3234,-24.0,-24.0
3235,-26.0,-26.0
3236,-26.0,-26.0
3237,-26.0,-26.0
3238,-25.0,-26.0
3239,-27.0,-27.0
3240,-29.0,-29.0
3241,-27.0,-27.0
3242,-29.0,-29.0
3243,-29.0,-29.0
3244,-29.0,-29.0
3245,-31.0,-32.0
3246,-32.0,-32.0
3247,-34.0,-34.0
3248,-34.0,-35.0
3249,-35.0,-35.0
3250,-35.0,-35.0
3251,-35.0,-35.0
3252,-35.0,-35.0
3253,-37.0,-37.0
3254,-37.0,-37.0
3255,-37.0,-37.0
3256,-36.0,-37.0
3257,-36.0,-37.0
3258,-35.0,-35.0
3259,-35.0,-35.0
3260,-37.0,-35.0
3261,-37.0,-35.0
3262,-37.0,-35.0
3263,-39.0,-37.0
3264,-39.0,-41.0
3265,-43.0,-41.0
3266,-43.0,-41.0
3267,-43.0,-41.0
3268,-43.0,-41.0
3269,-43.0,-41.0
3270,-42.0,-42.0
3271,-43.0,-41.0
3272,-43.0,-42.0
3273,-44.0,-42.0
3274,-44.0,-43.0
3275,-45.0,-44.0
3276,-46.0,-44.0
3277,-53.0,-52.0
3278,-53.0,-51.0
3279,-53.0,-51.0
3280,-53.0,-51.0
3281,-52.0,-51.0
3282,-52.0,-51.0
3283,-51.0,-49.0
3284,-49.0,-47.0
3285,-49.0,-49.0
3286,-48.0,-50.0
3287,-49.0,-47.0
3288,-49.0,-47.0
3289,-49.0,-47.0
3290,-49.0,-47.0
3291,-47.0,-45.0
3292,-47.0,-45.0
3293,-47.0,-45.0
3294,-43.0,-41.0
3295,-43.0,-41.0
3296,-41.0,-39.0
3297,-41.0,-41.0
3298,-43.0,-41.0
3299,-43.0,-41.0
3300,-43.0,-41.0
3301,-43.0,-41.0
3302,-43.0,-41.0
3303,-45.0,-44.0
3304,-44.0,-44.0
3305,-44.0,-43.0
3306,-44.0,-43.0
3307,-44.0,-43.0
3308,-44.0,-43.0
3309,-44.0,-43.0
3310,-44.0,-43.0
3311,-44.0,-43.0
3312,-42.0,-41.0
3313,-44.0,-43.0
3314,-46.0,-45.0
3315,-46.0,-46.0
3316,-47.0,-46.0
3317,-47.0,-46.0
3318,-47.0,-46.0
3319,-47.0,-46.0
3320,-45.0,-46.0
3321,-45.0,-44.0
3322,-45.0,-44.0
3323,-45.0,-44.0
3324,-45.0,-44.0
3325,-43.0,-42.0
3326,-42.0,-44.0
3327,-42.0,-41.0
3328,-42.0,-41.0
3329,-42.0,-41.0
3330,-42.0,-41.0
3331,-41.0,-41.0
3332,-41.0,-40.0
3333,-41.0,-40.0
3334,-41.0,-40.0
3335,-41.0,-40.0
3336,-40.0,-40.0
3337,-40.0,-39.0
3338,-40.0,-39.0
3339,-42.0,-41.0
3340,-42.0,-41.0
3341,-41.0,-41.0
3342,-43.0,-42.0
3343,-43.0,-42.0
3344,-40.0,-42.0
3345,-40.0,-39.0
3346,-40.0,-39.0
3347,-40.0,-39.0
3348,-39.0,-39.0
3349,-39.0,-38.0
3350,-39.0,-38.0
3351,-38.0,-40.0
3352,-38.0,-37.0
3353,-38.0,-37.0
3354,-37.0,-37.0
3355,-37.0,-36.0
3356,-37.0,-36.0
3357,-37.0,-36.0
3358,-36.0,-36.0
3359,-35.0,-35.0
3360,-35.0,-34.0
3361,-34.0,-34.0
3362,-36.0,-37.0
3363,-38.0,-37.0
3364,-39.0,-39.0
3365,-37.0,-36.0
3366,-36.0,-36.0
3367,-36.0,-35.0
3368,-36.0,-35.0
3369,-36.0,-35.0
3370,-36.0,-36.0
3371,-37.0,-36.0
3372,-36.0,-36.0
3373,-36.0,-35.0
3374,-36.0,-35.0
3375,-36.0,-35.0
3376,-36.0,-35.0
3377,-34.0,-34.0
3378,-35.0,-34.0
3379,-33.0,-34.0
3380,-33.0,-33.0
3381,-33.0,-33.0
3382,-32.0,-35.0
3383,-34.0,-34.0
3384,-26.0,-26.0
3385,-26.0,-26.0
3386,-26.0,-26.0
3387,-26.0,-26.0
3388,-26.0,-26.0
3389,-26.0,-26.0
3390,-24.0,-24.0
3391,-24.0,-24.0
3392,-22.0,-22.0
3393,-22.0,-22.0
3394,-20.0,-21.0
3395,-19.0,-19.0
3396,-15.0,-19.0
3397,-15.0,-16.0
3398,-16.0,-16.0
3399,-16.0,-16.0
3400,-16.0,-16.0
3401,-16.0,-16.0
3402,-14.0,-14.0
3403,-14.0,-14.0
3404,-14.0,-14.0
3405,-10.0,-10.0
3406,-10.0,-10.0
3407,-10.0,-10.0
3408,-10.0,-11.0
3409,-11.0,-11.0
3410,-13.0,-13.0
3411,-13.0,-13.0
3412,-13.0,-13.0
3413,-13.0,-13.0
3414,-15.0,-15.0
3415,-17.0,-17.0
3416,-21.0,-23.0
3417,-19.0,-20.0
3418,-20.0,-20.0
3419,-20.0,-20.0
3420,-20.0,-20.0
3421,-22.0,-22.0
3422,-21.0,-22.0
3423,-19.0,-19.0
3424,-19.0,-19.0
3425,-19.0,-19.0
3426,-19.0,-19.0
3427,-19.0,-19.0
3428,-21.0,-22.0
3429,-22.0,-22.0
3430,-22.0,-22.0
3431,-26.0,-26.0
3432,-25.0,-26.0
3433,-24.0,-25.0
3434,-24.0,-25.0
3435,-23.0,-25.0
3436,-29.0,-33.0
3437,-36.0,-36.0
3438,-37.0,-36.0
3439,-37.0,-36.0
3440,-37.0,-36.0
3441,-37.0,-37.0
3442,-38.0,-37.0
3443,-40.0,-39.0
3444,-40.0,-39.0
3445,-41.0,-43.0
3446,-43.0,-46.0
3447,-47.0,-46.0
3448,-47.0,-46.0
3449,-47.0,-47.0
3450,-48.0,-47.0
3451,-48.0,-48.0
3452,-48.0,-49.0
3453,-49.0,-49.0
3454,-50.0,-55.0
3455,-57.0,-55.0
3456,-57.0,-55.0
3457,-57.0,-56.0
3458,-57.0,-56.0
3459,-57.0,-55.0
3460,-59.0,-57.0
3461,-58.0,-57.0
3462,-58.0,-58.0
3463,-64.0,-66.0
3464,-68.0,-67.0
3465,-69.0,-69.0
3466,-72.0,-70.0
3467,-75.0,-72.0
3468,-75.0,-73.0
3469,-76.0,-73.0
3470,-75.0,-73.0
3471,-75.0,-72.0
3472,-75.0,-72.0
3473,-75.0,-73.0
3474,-76.0,-74.0
3475,-77.0,-76.0
3476,-79.0,-76.0
3477,-79.0,-76.0
3478,-79.0,-77.0
3479,-80.0,-77.0
3480,-80.0,-77.0
3481,-79.0,-77.0
3482,-75.0,-72.0
3483,-74.0,-72.0
3484,-74.0,-72.0
3485,-75.0,-72.0
3486,-75.0,-73.0
3487,-75.0,-76.0
3488,-78.0,-75.0
3489,-78.0,-75.0
3490,-76.0,-73.0
3491,-76.0,-74.0
3492,-77.0,-74.0
3493,-77.0,-74.0
3494,-77.0,-75.0
3495,-78.0,-75.0
3496,-78.0,-75.0
3497,-76.0,-73.0
3498,-76.0,-74.0
3499,-77.0,-74.0
3500,-77.0,-75.0
3501,-78.0,-76.0
3502,-75.0,-72.0
3503,-75.0,-72.0
3504,-75.0,-72.0
3505,-75.0,-72.0
3506,-75.0,-74.0
3507,-77.0,-74.0
3508,-77.0,-74.0
3509,-77.0,-74.0
3510,-77.0,-74.0
3511,-77.0,-74.0
3512,-77.0,-74.0
3513,-77.0,-74.0
3514,-75.0,-72.0
3515,-75.0,-72.0
3516,-75.0,-72.0
3517,-73.0,-70.0
3518,-73.0,-70.0
3519,-73.0,-70.0
3520,-73.0,-70.0
3521,-73.0,-70.0
3522,-73.0,-70.0
3523,-75.0,-72.0
3524,-75.0,-72.0
3525,-74.0,-72.0
3526,-74.0,-72.0
3527,-75.0,-72.0
3528,-73.0,-70.0
3529,-74.0,-72.0
3530,-74.0,-71.0
3531,-74.0,-71.0
3532,-74.0,-71.0
3533,-73.0,-71.0
3534,-72.0,-70.0
3535,-70.0,-69.0
3536,-66.0,-63.0
3537,-66.0,-63.0
3538,-66.0,-63.0
3539,-66.0,-63.0
3540,-65.0,-63.0
3541,-67.0,-64.0
3542,-67.0,-65.0
3543,-68.0,-65.0
3544,-68.0,-65.0
3545,-68.0,-65.0
3546,-70.0,-68.0
3547,-70.0,-68.0
3548,-68.0,-65.0
3549,-68.0,-65.0
3550,-66.0,-65.0
3551,-66.0,-63.0
3552,-66.0,-63.0
3553,-66.0,-63.0
3554,-64.0,-61.0
3555,-58.0,-57.0
3556,-49.0,-49.0
3557,-47.0,-46.0
3558,-47.0,-46.0
3559,-47.0,-47.0
3560,-48.0,-47.0
3561,-46.0,-45.0
3562,-47.0,-47.0
3563,-47.0,-46.0
3564,-46.0,-46.0
3565,-42.0,-41.0
3566,-36.0,-35.0
3567,-36.0,-36.0
3568,-37.0,-36.0
3569,-39.0,-38.0
3570,-39.0,-38.0
3571,-37.0,-36.0
3572,-35.0,-34.0
3573,-33.0,-32.0
3574,-19.0,-20.0
3575,-19.0,-20.0
3576,-19.0,-20.0
3577,-17.0,-18.0
3578,-17.0,-18.0
3579,-16.0,-18.0
3580,-16.0,-17.0
3581,-16.0,-17.0
3582,-12.0,-15.0
3583,-4.0,-5.0
3584,-2.0,-4.0
3585,1.0,-2.0
3586,4.0,0.0
3587,4.0,1.0
3588,6.0,3.0
3589,6.0,2.0
3590,5.0,2.0
3591,5.0,2.0
3592,3.0,0.0
3593,3.0,-1.0
3594,4.0,1.0
3595,4.0,1.0
3596,4.0,1.0
3597,4.0,0.0
3598,5.0,1.0
3599,2.0,-1.0
3600,2.0,-1.0
3601,2.0,-1.0
3602,2.0,-1.0
3603,2.0,-1.0
3604,4.0,1.0
3605,-8.0,-7.0
3606,-10.0,-9.0
3607,-6.0,-5.0
3608,-10.0,-9.0
3609,-12.0,-11.0
3610,-12.0,-11.0
3611,-10.0,-9.0
3612,-12.0,-11.0
3613,-20.0,-19.0
3614,-20.0,-19.0
3615,-20.0,-19.0
3616,-20.0,-19.0
3617,-22.0,-21.0
3618,-22.0,-21.0
3619,-22.0,-21.0
3620,-20.0,-19.0
3621,-22.0,-21.0
3622,-24.0,-23.0
3623,-24.0,-23.0
3624,-24.0,-24.0
3625,-29.0,-28.0
3626,-29.0,-28.0
3627,-35.0,-36.0
3628,-38.0,-37.0
3629,-43.0,-41.0
3630,-43.0,-41.0
3631,-43.0,-41.0
3632,-43.0,-41.0
3633,-43.0,-42.0
3634,-46.0,-44.0
3635,-50.0,-48.0
3636,-52.0,-53.0
3637,-55.0,-53.0
3638,-55.0,-53.0
3639,-55.0,-53.0
3640,-57.0,-55.0
3641,-57.0,-56.0
3642,-57.0,-56.0
3643,-59.0,-57.0
3644,-59.0,-58.0
3645,-66.0,-62.0
3646,-64.0,-62.0
3647,-68.0,-67.0
3648,-72.0,-69.0
3649,-72.0,-70.0
3650,-74.0,-70.0
3651,-74.0,-70.0
3652,-74.0,-70.0
3653,-78.0,-74.0
3654,-78.0,-75.0
3655,-79.0,-75.0
3656,-78.0,-76.0
3657,-79.0,-75.0
3658,-85.0,-83.0
3659,-87.0,-83.0
3660,-86.0,-83.0
3661,-86.0,-82.0
3662,-84.0,-80.0
3663,-84.0,-80.0
3664,-88.0,-87.0
3665,-91.0,-89.0
3666,-91.0,-86.0
3667,-91.0,-87.0
3668,-92.0,-87.0
3669,-94.0,-89.0
3670,-94.0,-89.0
3671,-94.0,-90.0
3672,-95.0,-92.0
3673,-97.0,-93.0
3674,-98.0,-93.0
3675,-101.0,-97.0
3676,-101.0,-96.0
3677,-101.0,-96.0
3678,-101.0,-96.0
3679,-99.0,-94.0
3680,-99.0,-94.0
3681,-98.0,-94.0
3682,-98.0,-93.0
3683,-98.0,-93.0
3684,-100.0,-96.0
3685,-102.0,-98.0
3686,-102.0,-97.0
3687,-100.0,-95.0
3688,-98.0,-95.0
3689,-98.0,-93.0
3690,-98.0,-93.0
3691,-98.0,-93.0
3692,-98.0,-93.0
3693,-98.0,-93.0
3694,-98.0,-93.0
3695,-98.0,-93.0
3696,-98.0,-93.0
3697,-98.0,-93.0
3698,-98.0,-93.0
3699,-98.0,-93.0
3700,-98.0,-93.0
3701,-97.0,-93.0
3702,-97.0,-92.0
3703,-97.0,-92.0
3704,-94.0,-90.0
3705,-94.0,-89.0
3706,-94.0,-89.0
3707,-94.0,-89.0
3708,-94.0,-89.0
3709,-92.0,-87.0
3710,-92.0,-87.0
3711,-91.0,-88.0
3712,-91.0,-87.0
3713,-91.0,-86.0
3714,-91.0,-88.0
3715,-91.0,-86.0
3716,-91.0,-86.0
3717,-89.0,-84.0
3718,-86.0,-82.0
3719,-86.0,-81.0
3720,-86.0,-81.0
3721,-86.0,-81.0
3722,-86.0,-81.0
3723,-86.0,-81.0
3724,-80.0,-81.0
3725,-78.0,-77.0
3726,-77.0,-75.0
3727,-75.0,-74.0
3728,-74.0,-72.0
3729,-74.0,-71.0
3730,-74.0,-71.0
3731,-73.0,-71.0
3732,-69.0,-71.0
3733,-69.0,-67.0
3734,-71.0,-68.0
3735,-71.0,-68.0
3736,-70.0,-68.0
3737,-69.0,-67.0
3738,-69.0,-67.0
3739,-70.0,-67.0
3740,-68.0,-67.0
3741,-67.0,-65.0
3742,-67.0,-64.0
3743,-69.0,-66.0
3744,-65.0,-64.0
3745,-65.0,-64.0
3746,-62.0,-62.0
3747,-56.0,-55.0
3748,-52.0,-53.0
3749,-52.0,-51.0
3750,-52.0,-51.0
3751,-52.0,-51.0
3752,-52.0,-51.0
3753,-49.0,-49.0
3754,-47.0,-48.0
3755,-46.0,-46.0
3756,-40.0,-39.0
3757,-40.0,-39.0
3758,-40.0,-39.0
3759,-39.0,-39.0
3760,-39.0,-38.0
3761,-37.0,-36.0
3762,-38.0,-38.0
3763,-38.0,-37.0
3764,-35.0,-37.0
3765,-37.0,-37.0
3766,-32.0,-33.0
3767,-25.0,-26.0
3768,-25.0,-25.0
3769,-21.0,-21.0
3770,-21.0,-21.0
3771,-21.0,-21.0
3772,-19.0,-21.0
3773,-19.0,-19.0
3774,-17.0,-17.0
3775,-19.0,-19.0
3776,-17.0,-17.0
3777,-14.0,-17.0
3778,-10.0,-11.0
3779,-11.0,-11.0
3780,-11.0,-11.0
3781,-11.0,-11.0
3782,-11.0,-12.0
3783,-10.0,-13.0
3784,-3.0,-5.0
3785,1.0,-3.0
3786,-1.0,-3.0
3787,1.0,-2.0
3788,1.0,-2.0
3789,1.0,-1.0
3790,1.0,-1.0
3791,3.0,1.0
3792,7.0,5.0
3793,3.0,2.0
3794,2.0,0.0
3795,2.0,2.0
3796,2.0,2.0
3797,2.0,0.0
3798,0.0,0.0
3799,0.0,0.0
3800,0.0,0.0
3801,-2.0,-2.0
3802,-2.0,-3.0
3803,-4.0,-5.0
3804,-5.0,-6.0
3805,-9.0,-11.0
3806,-11.0,-15.0
3807,-15.0,-15.0
3808,-15.0,-15.0
3809,-15.0,-15.0
3810,-15.0,-15.0
3811,-15.0,-15.0
3812,-15.0,-15.0
3813,-15.0,-16.0
3814,-16.0,-16.0
3815,-20.0,-18.0
3816,-22.0,-20.0
3817,-34.0,-32.0
3818,-38.0,-36.0
3819,-38.0,-36.0
3820,-38.0,-36.0
3821,-44.0,-42.0
3822,-44.0,-42.0
3823,-48.0,-47.0
3824,-49.0,-47.0
3825,-49.0,-47.0
3826,-49.0,-48.0
3827,-52.0,-50.0
3828,-52.0,-51.0
3829,-55.0,-53.0
3830,-55.0,-53.0
3831,-53.0,-51.0
3832,-54.0,-54.0
3833,-56.0,-55.0
3834,-58.0,-56.0
3835,-58.0,-56.0
3836,-58.0,-59.0
3837,-61.0,-59.0
3838,-61.0,-59.0
3839,-61.0,-59.0
3840,-61.0,-59.0
3841,-61.0,-59.0
3842,-61.0,-59.0
3843,-61.0,-59.0
3844,-61.0,-59.0
3845,-63.0,-61.0
3846,-63.0,-62.0
3847,-64.0,-62.0
3848,-64.0,-63.0
3849,-65.0,-63.0
3850,-67.0,-65.0
3851,-67.0,-66.0
3852,-66.0,-64.0
3853,-65.0,-64.0
3854,-65.0,-67.0
3855,-69.0,-67.0
3856,-69.0,-67.0
3857,-69.0,-68.0
3858,-68.0,-66.0
3859,-68.0,-66.0
3860,-68.0,-66.0
3861,-68.0,-66.0
3862,-67.0,-66.0
3863,-67.0,-65.0
3864,-68.0,-67.0
3865,-68.0,-66.0
3866,-68.0,-66.0
3867,-68.0,-66.0
3868,-68.0,-66.0
3869,-68.0,-66.0
3870,-68.0,-66.0
3871,-68.0,-66.0
3872,-68.0,-66.0
3873,-68.0,-66.0
3874,-68.0,-67.0
3875,-69.0,-67.0
3876,-69.0,-67.0
3877,-69.0,-67.0
3878,-69.0,-67.0
3879,-69.0,-67.0
3880,-69.0,-68.0
3881,-69.0,-68.0
3882,-69.0,-67.0
3883,-68.0,-67.0
3884,-67.0,-66.0
3885,-67.0,-65.0
3886,-67.0,-65.0
3887,-67.0,-65.0
3888,-67.0,-66.0
3889,-68.0,-66.0
3890,-68.0,-66.0
3891,-68.0,-67.0
3892,-69.0,-67.0
3893,-69.0,-67.0
3894,-68.0,-67.0
3895,-68.0,-66.0
3896,-68.0,-66.0
3897,-68.0,-66.0
3898,-66.0,-64.0
3899,-66.0,-64.0
3900,-66.0,-64.0
3901,-66.0,-64.0
3902,-64.0,-62.0
3903,-66.0,-64.0
3904,-66.0,-64.0
3905,-62.0,-61.0
3906,-63.0,-61.0
3907,-61.0,-59.0
3908,-61.0,-59.0
3909,-61.0,-59.0
3910,-61.0,-59.0
3911,-61.0,-59.0
3912,-58.0,-59.0
3913,-55.0,-55.0
3914,-55.0,-54.0
3915,-55.0,-54.0
3916,-55.0,-54.0
3917,-51.0,-50.0
3918,-51.0,-50.0
3919,-51.0,-50.0
3920,-50.0,-50.0
3921,-50.0,-49.0
3922,-47.0,-47.0
3923,-45.0,-46.0
3924,-43.0,-44.0
3925,-41.0,-40.0
3926,-33.0,-32.0
3927,-33.0,-32.0
3928,-35.0,-34.0
3929,-35.0,-34.0
3930,-35.0,-34.0
3931,-35.0,-34.0
3932,-35.0,-34.0
3933,-33.0,-32.0
3934,-33.0,-34.0
3935,-32.0,-33.0
3936,-26.0,-32.0
3937,-26.0,-28.0
3938,-26.0,-26.0
3939,-26.0,-26.0
3940,-23.0,-26.0
3941,-23.0,-23.0
3942,-21.0,-23.0
3943,-21.0,-21.0
3944,-21.0,-21.0
3945,-21.0,-21.0
3946,-18.0,-19.0
3947,-18.0,-19.0
3948,-16.0,-17.0
3949,-16.0,-16.0
3950,-18.0,-18.0
3951,-17.0,-18.0
3952,-16.0,-17.0
3953,-15.0,-16.0
3954,-15.0,-15.0
3955,-15.0,-15.0
3956,-13.0,-13.0
3957,-15.0,-15.0
3958,-15.0,-15.0
3959,-15.0,-15.0
3960,-15.0,-15.0
3961,-15.0,-15.0
3962,-17.0,-17.0
3963,-17.0,-17.0
3964,-16.0,-17.0
3965,-16.0,-16.0
3966,-16.0,-16.0
3967,-16.0,-16.0
3968,-14.0,-14.0
3969,-13.0,-14.0
3970,-13.0,-13.0
3971,-11.0,-11.0
3972,-11.0,-11.0
3973,-11.0,-11.0
3974,-3.0,-4.0
3975,-4.0,-5.0
3976,-5.0,-5.0
3977,-5.0,-5.0
3978,-5.0,-5.0
3979,-7.0,-8.0
3980,-8.0,-8.0
3981,-8.0,-8.0
3982,-10.0,-10.0
3983,-9.0,-10.0
3984,-11.0,-12.0
3985,-16.0,-16.0
3986,-22.0,-22.0
3987,-22.0,-22.0
3988,-22.0,-22.0
3989,-22.0,-22.0
3990,-22.0,-22.0
3991,-22.0,-22.0
3992,-22.0,-22.0
3993,-24.0,-24.0
3994,-22.0,-23.0
3995,-24.0,-23.0
3996,-26.0,-25.0
3997,-28.0,-28.0
3998,-31.0,-32.0
3999,-33.0,-33.0
4000,-32.0,-31.0
4001,-32.0,-31.0
4002,-36.0,-35.0
4003,-36.0,-36.0
4004,-37.0,-36.0
4005,-37.0,-36.0
4006,-37.0,-36.0
4007,-39.0,-38.0
4008,-37.0,-36.0
4009,-37.0,-36.0
4010,-37.0,-36.0
4011,-35.0,-34.0
4012,-35.0,-36.0
4013,-38.0,-37.0
4014,-39.0,-38.0
4015,-42.0,-40.0
4016,-44.0,-42.0
4017,-44.0,-42.0
4018,-44.0,-42.0
4019,-44.0,-42.0
4020,-44.0,-43.0
4021,-45.0,-43.0
4022,-43.0,-43.0
4023,-43.0,-41.0
4024,-43.0,-41.0
4025,-43.0,-43.0
4026,-45.0,-43.0
4027,-45.0,-43.0
4028,-47.0,-47.0
4029,-49.0,-48.0
4030,-52.0,-50.0
4031,-52.0,-50.0
4032,-52.0,-51.0
4033,-53.0,-51.0
4034,-55.0,-53.0
4035,-55.0,-53.0
4036,-55.0,-53.0
4037,-55.0,-53.0
4038,-55.0,-53.0
4039,-55.0,-53.0
4040,-55.0,-53.0
4041,-55.0,-53.0
4042,-55.0,-53.0
4043,-55.0,-53.0
4044,-54.0,-53.0
4045,-54.0,-52.0
4046,-54.0,-52.0
4047,-53.0,-55.0
4048,-56.0,-54.0
4049,-56.0,-54.0
4050,-56.0,-54.0
4051,-58.0,-56.0
4052,-58.0,-56.0
4053,-57.0,-56.0
4054,-57.0,-55.0
4055,-57.0,-55.0
4056,-60.0,-60.0
4057,-61.0,-62.0
4058,-64.0,-63.0
4059,-65.0,-63.0
4060,-65.0,-63.0
4061,-65.0,-63.0
4062,-64.0,-63.0
4063,-64.0,-64.0
4064,-66.0,-64.0
4065,-66.0,-65.0
4066,-67.0,-65.0
4067,-65.0,-67.0
4068,-69.0,-67.0
4069,-68.0,-67.0
4070,-68.0,-66.0
4071,-67.0,-66.0
4072,-67.0,-65.0
4073,-67.0,-65.0
4074,-67.0,-65.0
4075,-65.0,-65.0
4076,-64.0,-63.0
4077,-64.0,-62.0
4078,-64.0,-62.0
4079,-64.0,-62.0
4080,-64.0,-62.0
4081,-63.0,-62.0
4082,-63.0,-61.0
4083,-63.0,-62.0
4084,-64.0,-62.0
4085,-63.0,-62.0
4086,-63.0,-61.0
4087,-63.0,-61.0
4088,-63.0,-61.0
4089,-63.0,-61.0
4090,-63.0,-61.0
4091,-63.0,-61.0
4092,-63.0,-61.0
4093,-63.0,-61.0
4094,-61.0,-59.0
4095,-59.0,-57.0
4096,-58.0,-57.0
4097,-58.0,-56.0
4098,-57.0,-56.0
4099,-55.0,-53.0
4100,-55.0,-53.0
4101,-54.0,-53.0
4102,-56.0,-54.0
4103,-55.0,-54.0
4104,-51.0,-51.0
4105,-48.0,-49.0
4106,-48.0,-46.0
4107,-48.0,-47.0
4108,-49.0,-47.0
4109,-49.0,-47.0
4110,-49.0,-47.0
4111,-49.0,-47.0
4112,-48.0,-47.0
4113,-48.0,-46.0
4114,-44.0,-44.0
4115,-43.0,-44.0
4116,-42.0,-43.0
4117,-39.0,-40.0
4118,-37.0,-37.0
4119,-35.0,-35.0
4120,-35.0,-35.0
4121,-33.0,-35.0
4122,-33.0,-33.0
4123,-31.0,-31.0
4124,-31.0,-31.0
4125,-31.0,-31.0
4126,-30.0,-31.0
4127,-30.0,-30.0
4128,-30.0,-30.0
4129,-30.0,-30.0
4130,-30.0,-30.0
4131,-30.0,-30.0
4132,-24.0,-26.0
4133,-22.0,-24.0
4134,-19.0,-22.0
4135,-18.0,-21.0
4136,-18.0,-20.0
4137,-18.0,-20.0
4138,-20.0,-22.0
4139,-20.0,-22.0
4140,-18.0,-20.0
4141,-18.0,-20.0
4142,-18.0,-20.0
4143,-18.0,-20.0
4144,-17.0,-20.0
4145,-13.0,-16.0
4146,-14.0,-16.0
4147,-13.0,-16.0
4148,-11.0,-13.0
4149,-8.0,-11.0
4150,-8.0,-10.0
4151,-8.0,-10.0
4152,-6.0,-8.0
4153,-5.0,-8.0
4154,-7.0,-9.0
4155,-9.0,-11.0
4156,-9.0,-11.0
4157,-9.0,-11.0
4158,-13.0,-13.0
4159,-15.0,-15.0
4160,-15.0,-15.0
4161,-15.0,-15.0
4162,-15.0,-15.0
4163,-17.0,-17.0
4164,-17.0,-18.0
4165,-18.0,-19.0
4166,-19.0,-20.0
4167,-16.0,-16.0
4168,-16.0,-16.0
4169,-16.0,-17.0
4170,-16.0,-17.0
4171,-16.0,-16.0
4172,-16.0,-16.0
4173,-18.0,-18.0
4174,-18.0,-18.0
4175,-16.0,-18.0
4176,-14.0,-14.0
4177,-8.0,-9.0
4178,-7.0,-7.0
4179,-7.0,-7.0
4180,-7.0,-8.0
4181,-8.0,-8.0
4182,-8.0,-8.0
4183,-4.0,-5.0
4184,-9.0,-7.0
4185,-11.0,-9.0
4186,-11.0,-9.0
4187,-3.0,-1.0
4188,-7.0,-5.0
4189,-7.0,-5.0
4190,-9.0,-7.0
4191,-9.0,-7.0
4192,-9.0,-7.0
4193,-9.0,-8.0
4194,-11.0,-8.0
4195,-11.0,-8.0
4196,-15.0,-12.0
4197,-17.0,-14.0
4198,-17.0,-14.0
4199,-21.0,-18.0
4200,-21.0,-19.0
4201,-22.0,-20.0
4202,-25.0,-22.0
4203,-23.0,-21.0
4204,-24.0,-21.0
4205,-30.0,-27.0
4206,-30.0,-28.0
4207,-31.0,-28.0
4208,-33.0,-30.0
4209,-35.0,-32.0
4210,-35.0,-32.0
4211,-37.0,-34.0
4212,-39.0,-37.0
4213,-40.0,-37.0
4214,-40.0,-37.0
4215,-40.0,-37.0
4216,-40.0,-37.0
4217,-40.0,-37.0
4218,-42.0,-39.0
4219,-42.0,-40.0
4220,-43.0,-40.0
4221,-44.0,-42.0
4222,-44.0,-45.0
4223,-48.0,-46.0
4224,-51.0,-48.0
4225,-51.0,-48.0
4226,-51.0,-48.0
4227,-49.0,-46.0
4228,-49.0,-46.0
4229,-51.0,-48.0
4230,-51.0,-49.0
4231,-52.0,-49.0
4232,-52.0,-49.0
4233,-54.0,-51.0
4234,-54.0,-51.0
4235,-56.0,-53.0
4236,-56.0,-53.0
4237,-55.0,-53.0
4238,-55.0,-54.0
4239,-57.0,-54.0
4240,-57.0,-55.0
4241,-60.0,-57.0
4242,-60.0,-63.0
4243,-66.0,-64.0
4244,-67.0,-64.0
4245,-67.0,-64.0
4246,-67.0,-64.0
4247,-67.0,-64.0
4248,-67.0,-64.0
4249,-67.0,-64.0
4250,-67.0,-64.0
4251,-67.0,-64.0
4252,-67.0,-64.0
4253,-67.0,-64.0
4254,-67.0,-64.0
4255,-67.0,-65.0
4256,-68.0,-65.0
4257,-67.0,-65.0
4258,-67.0,-64.0
4259,-67.0,-64.0
4260,-69.0,-66.0
4261,-69.0,-66.0
4262,-71.0,-69.0
4263,-72.0,-69.0
4264,-72.0,-69.0
4265,-70.0,-67.0
4266,-70.0,-68.0
4267,-70.0,-68.0
4268,-70.0,-67.0
4269,-70.0,-67.0
4270,-70.0,-67.0
4271,-70.0,-67.0
4272,-70.0,-67.0
4273,-69.0,-67.0
4274,-68.0,-67.0
4275,-69.0,-66.0
4276,-69.0,-66.0
4277,-67.0,-66.0
4278,-66.0,-65.0
4279,-66.0,-64.0
4280,-66.0,-64.0
4281,-66.0,-64.0
4282,-65.0,-64.0
4283,-65.0,-63.0
4284,-63.0,-61.0
4285,-61.0,-59.0
4286,-58.0,-57.0
4287,-58.0,-56.0
4288,-58.0,-56.0
4289,-56.0,-55.0
4290,-57.0,-55.0
4291,-57.0,-55.0
4292,-56.0,-55.0
4293,-60.0,-58.0
4294,-60.0,-58.0
4295,-60.0,-58.0
4296,-60.0,-58.0
4297,-58.0,-57.0
4298,-59.0,-58.0
4299,-61.0,-58.0
4300,-59.0,-56.0
4301,-59.0,-56.0
4302,-59.0,-56.0
4303,-55.0,-54.0
4304,-53.0,-53.0
4305,-53.0,-51.0
4306,-53.0,-51.0
4307,-51.0,-51.0
4308,-51.0,-49.0
4309,-50.0,-49.0
4310,-50.0,-48.0
4311,-50.0,-49.0
4312,-51.0,-49.0
4313,-49.0,-49.0
4314,-51.0,-51.0
4315,-49.0,-51.0
4316,-48.0,-49.0
4317,-48.0,-49.0
4318,-47.0,-49.0
4319,-47.0,-47.0
4320,-45.0,-45.0
4321,-42.0,-43.0
4322,-42.0,-42.0
4323,-40.0,-40.0
4324,-37.0,-40.0
4325,-37.0,-38.0
4326,-36.0,-36.0
4327,-35.0,-36.0
4328,-34.0,-35.0
4329,-34.0,-34.0
4330,-33.0,-34.0
4331,-32.0,-33.0
4332,-30.0,-30.0
4333,-30.0,-30.0
4334,-32.0,-32.0
4335,-32.0,-32.0
4336,-32.0,-33.0
4337,-32.0,-33.0
4338,-32.0,-32.0
4339,-30.0,-30.0
4340,-29.0,-30.0
4341,-31.0,-31.0
4342,-25.0,-25.0
4343,-22.0,-23.0
4344,-22.0,-23.0
4345,-23.0,-23.0
4346,-25.0,-25.0
4347,-25.0,-25.0
4348,-24.0,-25.0
4349,-24.0,-24.0
4350,-24.0,-24.0
4351,-24.0,-24.0
4352,-23.0,-24.0
4353,-23.0,-24.0
4354,-29.0,-28.0
4355,-31.0,-29.0
4356,-31.0,-29.0
4357,-31.0,-29.0
4358,-27.0,-26.0
4359,-29.0,-28.0
4360,-28.0,-26.0
4361,-28.0,-25.0
4362,-16.0,-13.0
4363,-14.0,-12.0
4364,-15.0,-12.0
4365,-15.0,-12.0
4366,-15.0,-12.0
4367,-15.0,-12.0
4368,-15.0,-12.0
4369,-15.0,-12.0
4370,-15.0,-12.0
4371,-15.0,-12.0
4372,-17.0,-14.0
4373,-19.0,-17.0
4374,-28.0,-25.0
4375,-26.0,-24.0
4376,-29.0,-26.0
4377,-29.0,-26.0
4378,-29.0,-26.0
4379,-28.0,-26.0
4380,-28.0,-26.0
4381,-28.0,-26.0
4382,-26.0,-24.0
4383,-27.0,-24.0
4384,-27.0,-24.0
4385,-29.0,-26.0
4386,-27.0,-24.0
4387,-27.0,-25.0
4388,-28.0,-25.0
4389,-28.0,-25.0
4390,-28.0,-25.0
4391,-28.0,-25.0
4392,-28.0,-25.0
4393,-30.0,-27.0
4394,-28.0,-25.0
4395,-28.0,-28.0
4396,-31.0,-28.0
4397,-33.0,-30.0
4398,-33.0,-30.0
4399,-33.0,-30.0
4400,-33.0,-30.0
4401,-35.0,-32.0
4402,-35.0,-32.0
4403,-35.0,-32.0
4404,-35.0,-32.0
4405,-35.0,-32.0
4406,-35.0,-32.0
4407,-37.0,-34.0
4408,-37.0,-34.0
4409,-37.0,-34.0
4410,-37.0,-36.0
4411,-41.0,-39.0
4412,-43.0,-41.0
4413,-45.0,-41.0
4414,-51.0,-48.0
4415,-52.0,-50.0
4416,-54.0,-51.0
4417,-53.0,-50.0
4418,-52.0,-50.0
4419,-52.0,-50.0
4420,-52.0,-51.0
4421,-53.0,-51.0
4422,-57.0,-55.0
4423,-57.0,-56.0
4424,-58.0,-56.0
4425,-58.0,-56.0
4426,-58.0,-56.0
4427,-58.0,-57.0
4428,-59.0,-58.0
4429,-60.0,-58.0
4430,-60.0,-58.0
4431,-58.0,-56.0
4432,-57.0,-56.0
4433,-56.0,-60.0
4434,-61.0,-60.0
4435,-62.0,-60.0
4436,-62.0,-64.0
4437,-64.0,-62.0
4438,-64.0,-62.0
4439,-64.0,-63.0
4440,-65.0,-63.0
4441,-65.0,-63.0
4442,-67.0,-65.0
4443,-67.0,-66.0
4444,-68.0,-67.0
4445,-67.0,-65.0
4446,-67.0,-65.0
4447,-67.0,-65.0
4448,-67.0,-65.0
4449,-67.0,-65.0
4450,-67.0,-66.0
4451,-68.0,-66.0
4452,-68.0,-68.0
4453,-69.0,-68.0
4454,-69.0,-67.0
4455,-69.0,-67.0
4456,-67.0,-65.0
4457,-67.0,-65.0
4458,-67.0,-65.0
4459,-67.0,-65.0
4460,-66.0,-66.0
4461,-66.0,-65.0
4462,-68.0,-66.0
4463,-70.0,-68.0
4464,-68.0,-66.0
4465,-67.0,-66.0
4466,-67.0,-66.0
4467,-68.0,-66.0
4468,-68.0,-66.0
4469,-71.0,-68.0
4470,-71.0,-67.0
4471,-73.0,-69.0
4472,-73.0,-69.0
4473,-68.0,-67.0
4474,-67.0,-65.0
4475,-67.0,-64.0
4476,-67.0,-64.0
4477,-67.0,-64.0
4478,-63.0,-62.0
4479,-59.0,-58.0
4480,-61.0,-60.0
4481,-61.0,-60.0
4482,-61.0,-60.0
4483,-61.0,-61.0
4484,-62.0,-62.0
4485,-63.0,-63.0
4486,-64.0,-63.0
4487,-64.0,-63.0
4488,-64.0,-63.0
4489,-64.0,-63.0
4490,-64.0,-63.0
4491,-63.0,-63.0
4492,-62.0,-62.0
4493,-56.0,-59.0
4494,-56.0,-55.0
4495,-53.0,-53.0
4496,-53.0,-52.0
4497,-53.0,-52.0
4498,-53.0,-53.0
4499,-54.0,-53.0
4500,-54.0,-53.0
4501,-54.0,-54.0
4502,-53.0,-52.0
4503,-53.0,-52.0
4504,-54.0,-54.0
4505,-54.0,-53.0
4506,-56.0,-55.0
4507,-54.0,-53.0
4508,-54.0,-53.0
4509,-54.0,-53.0
4510,-54.0,-53.0
4511,-54.0,-53.0
4512,-53.0,-53.0
4513,-53.0,-52.0
4514,-57.0,-56.0
4515,-51.0,-50.0
4516,-50.0,-50.0
4517,-50.0,-49.0
4518,-50.0,-50.0
4519,-51.0,-51.0
4520,-51.0,-51.0
4521,-55.0,-55.0
4522,-60.0,-59.0
4523,-62.0,-60.0
4524,-63.0,-61.0
4525,-64.0,-62.0
4526,-66.0,-64.0
4527,-66.0,-65.0
4528,-67.0,-66.0
4529,-68.0,-65.0
4530,-63.0,-61.0
4531,-58.0,-58.0
4532,-57.0,-57.0
4533,-54.0,-56.0
4534,-52.0,-51.0
4535,-48.0,-47.0
4536,-46.0,-45.0
4537,-43.0,-44.0
4538,-44.0,-43.0
4539,-44.0,-43.0
4540,-42.0,-41.0
4541,-40.0,-41.0
4542,-40.0,-39.0
4543,-38.0,-37.0
4544,-38.0,-37.0
4545,-38.0,-38.0
4546,-39.0,-38.0
4547,-37.0,-36.0
4548,-35.0,-34.0
4549,-37.0,-36.0
4550,-39.0,-38.0
4551,-39.0,-38.0
4552,-39.0,-38.0
4553,-29.0,-28.0
4554,-31.0,-31.0
4555,-32.0,-31.0
4556,-24.0,-23.0
4557,-28.0,-27.0
4558,-28.0,-27.0
4559,-26.0,-25.0
4560,-28.0,-27.0
4561,-27.0,-27.0
4562,-27.0,-26.0
4563,-25.0,-24.0
4564,-25.0,-24.0
4565,-27.0,-26.0
4566,-27.0,-26.0
4567,-27.0,-26.0
4568,-27.0,-26.0
4569,-27.0,-26.0
4570,-25.0,-24.0
4571,-25.0,-24.0
4572,-21.0,-20.0
4573,-21.0,-20.0
4574,-25.0,-24.0
4575,-25.0,-24.0
4576,-29.0,-28.0
4577,-29.0,-29.0
4578,-30.0,-30.0
4579,-31.0,-30.0
4580,-31.0,-30.0
4581,-30.0,-30.0
4582,-31.0,-31.0
4583,-33.0,-32.0
4584,-45.0,-42.0
4585,-49.0,-46.0
4586,-47.0,-45.0
4587,-48.0,-45.0
4588,-46.0,-46.0
4589,-47.0,-45.0
4590,-46.0,-46.0
4591,-47.0,-45.0
4592,-47.0,-45.0
4593,-47.0,-45.0
4594,-51.0,-49.0
4595,-53.0,-51.0
4596,-53.0,-51.0
4597,-53.0,-51.0
4598,-53.0,-52.0
4599,-53.0,-52.0
4600,-53.0,-51.0
4601,-53.0,-51.0
4602,-54.0,-53.0
4603,-52.0,-50.0
4604,-54.0,-54.0
4605,-55.0,-54.0
4606,-59.0,-56.0
4607,-61.0,-59.0
4608,-64.0,-61.0
4609,-64.0,-61.0
4610,-64.0,-61.0
4611,-64.0,-61.0
4612,-64.0,-61.0
4613,-64.0,-61.0
4614,-64.0,-61.0
4615,-64.0,-62.0
4616,-65.0,-62.0
4617,-65.0,-62.0
4618,-63.0,-60.0
4619,-64.0,-63.0
4620,-67.0,-64.0
4621,-65.0,-63.0
4622,-66.0,-63.0
4623,-67.0,-66.0
4624,-68.0,-66.0
4625,-68.0,-68.0
4626,-70.0,-67.0
4627,-70.0,-68.0
4628,-72.0,-68.0
4629,-72.0,-68.0
4630,-72.0,-68.0
4631,-72.0,-68.0
4632,-72.0,-69.0
4633,-73.0,-71.0
4634,-73.0,-69.0
4635,-73.0,-69.0
4636,-73.0,-70.0
4637,-74.0,-70.0
4638,-72.0,-68.0
4639,-70.0,-66.0
4640,-68.0,-66.0
4641,-66.0,-64.0
4642,-62.0,-61.0
4643,-62.0,-59.0
4644,-62.0,-59.0
4645,-61.0,-59.0
4646,-61.0,-59.0
4647,-58.0,-56.0
4648,-59.0,-56.0
4649,-59.0,-56.0
4650,-59.0,-56.0
4651,-59.0,-56.0
4652,-59.0,-56.0
4653,-59.0,-56.0
4654,-59.0,-57.0
4655,-60.0,-57.0
4656,-60.0,-57.0
4657,-58.0,-55.0
4658,-58.0,-55.0
4659,-58.0,-55.0
4660,-58.0,-55.0
4661,-58.0,-55.0
4662,-58.0,-56.0
4663,-59.0,-56.0
4664,-59.0,-56.0
4665,-57.0,-54.0
4666,-57.0,-54.0
4667,-57.0,-54.0
4668,-56.0,-54.0
4669,-55.0,-54.0
4670,-56.0,-53.0
4671,-60.0,-57.0
4672,-60.0,-58.0
4673,-59.0,-58.0
4674,-57.0,-54.0
4675,-57.0,-54.0
4676,-55.0,-54.0
4677,-55.0,-52.0
4678,-55.0,-52.0
4679,-56.0,-54.0
4680,-56.0,-53.0
4681,-56.0,-53.0
4682,-56.0,-53.0
4683,-55.0,-53.0
4684,-54.0,-52.0
4685,-54.0,-51.0
4686,-54.0,-51.0
4687,-58.0,-55.0
4688,-60.0,-57.0
4689,-60.0,-57.0
4690,-64.0,-61.0
4691,-68.0,-65.0
4692,-70.0,-68.0
4693,-69.0,-69.0
4694,-70.0,-67.0
4695,-68.0,-67.0
4696,-68.0,-66.0
4697,-67.0,-64.0
4698,-65.0,-62.0
4699,-64.0,-62.0
4700,-64.0,-61.0
4701,-63.0,-61.0
4702,-62.0,-60.0
4703,-56.0,-59.0
4704,-56.0,-56.0
4705,-56.0,-54.0
4706,-54.0,-52.0
4707,-54.0,-52.0
4708,-54.0,-52.0
4709,-54.0,-52.0
4710,-52.0,-50.0
4711,-52.0,-51.0
4712,-55.0,-53.0
4713,-55.0,-55.0
4714,-54.0,-53.0
4715,-54.0,-52.0
4716,-54.0,-52.0
4717,-54.0,-52.0
4718,-52.0,-50.0
4719,-52.0,-50.0
4720,-52.0,-50.0
4721,-53.0,-52.0
4722,-53.0,-52.0
4723,-52.0,-52.0
4724,-46.0,-46.0
4725,-41.0,-42.0
4726,-40.0,-41.0
4727,-37.0,-39.0
4728,-38.0,-38.0
4729,-38.0,-38.0
4730,-38.0,-38.0
4731,-38.0,-38.0
4732,-38.0,-38.0
4733,-38.0,-38.0
4734,-38.0,-38.0
4735,-36.0,-36.0
4736,-36.0,-38.0
4737,-40.0,-41.0
4738,-40.0,-41.0
4739,-37.0,-38.0
4740,-37.0,-37.0
4741,-35.0,-36.0
4742,-35.0,-36.0
4743,-33.0,-33.0
4744,-31.0,-31.0
4745,-27.0,-28.0
4746,-28.0,-28.0
4747,-26.0,-28.0
4748,-26.0,-28.0
4749,-26.0,-28.0
4750,-26.0,-28.0
4751,-30.0,-32.0
4752,-27.0,-31.0
4753,-28.0,-30.0
4754,-28.0,-30.0
4755,-28.0,-30.0
4756,-26.0,-28.0
4757,-26.0,-28.0
4758,-26.0,-28.0
4759,-26.0,-28.0
4760,-25.0,-29.0
4761,-26.0,-28.0
4762,-22.0,-25.0
4763,-22.0,-25.0
4764,-21.0,-24.0
4765,-25.0,-27.0
4766,-23.0,-25.0
4767,-22.0,-25.0
4768,-22.0,-24.0
4769,-22.0,-24.0
4770,-24.0,-27.0
4771,-25.0,-27.0
4772,-31.0,-31.0
4773,-31.0,-31.0
4774,-29.0,-30.0
4775,-32.0,-32.0
4776,-32.0,-33.0
4777,-33.0,-33.0
4778,-33.0,-33.0
4779,-33.0,-33.0
4780,-33.0,-33.0
4781,-33.0,-34.0
4782,-34.0,-34.0
4783,-36.0,-36.0
4784,-38.0,-38.0
4785,-38.0,-39.0
4786,-39.0,-39.0
4787,-39.0,-39.0
4788,-39.0,-40.0
4789,-38.0,-38.0
4790,-36.0,-38.0
4791,-40.0,-38.0
4792,-46.0,-44.0
4793,-46.0,-44.0
4794,-46.0,-44.0
4795,-48.0,-46.0
4796,-48.0,-46.0
4797,-48.0,-46.0
4798,-47.0,-46.0
4799,-47.0,-45.0
4800,-47.0,-45.0
4801,-47.0,-45.0
4802,-51.0,-49.0
4803,-51.0,-51.0
4804,-53.0,-52.0
4805,-54.0,-54.0
4806,-54.0,-57.0
4807,-56.0,-55.0
4808,-60.0,-58.0
4809,-58.0,-58.0
4810,-56.0,-56.0
4811,-55.0,-54.0
4812,-53.0,-51.0
4813,-51.0,-49.0
4814,-51.0,-49.0
4815,-51.0,-49.0
4816,-49.0,-47.0
4817,-49.0,-47.0
4818,-51.0,-49.0
4819,-51.0,-49.0
4820,-51.0,-49.0
4821,-53.0,-51.0
4822,-53.0,-52.0
4823,-53.0,-52.0
4824,-53.0,-51.0
4825,-53.0,-51.0
4826,-53.0,-51.0
4827,-52.0,-51.0
4828,-52.0,-50.0
4829,-52.0,-50.0
4830,-52.0,-50.0
4831,-49.0,-48.0
4832,-48.0,-47.0
4833,-50.0,-48.0
4834,-54.0,-52.0
4835,-54.0,-52.0
4836,-54.0,-53.0
4837,-55.0,-53.0
4838,-55.0,-53.0
4839,-55.0,-53.0
4840,-54.0,-53.0
4841,-54.0,-52.0
4842,-52.0,-50.0
4843,-52.0,-50.0
4844,-54.0,-53.0
4845,-55.0,-55.0
4846,-57.0,-55.0
4847,-55.0,-53.0
4848,-55.0,-53.0
4849,-55.0,-53.0
4850,-55.0,-53.0
4851,-55.0,-53.0
4852,-55.0,-53.0
4853,-55.0,-53.0
4854,-55.0,-55.0
4855,-58.0,-56.0
4856,-54.0,-52.0
4857,-54.0,-51.0
4858,-54.0,-51.0
4859,-54.0,-51.0
4860,-54.0,-51.0
4861,-52.0,-49.0
4862,-52.0,-49.0
4863,-52.0,-49.0
4864,-52.0,-50.0
4865,-52.0,-48.0
4866,-53.0,-50.0
4867,-53.0,-49.0
4868,-53.0,-49.0
4869,-53.0,-49.0
4870,-51.0,-49.0
4871,-51.0,-47.0
4872,-49.0,-45.0
4873,-49.0,-46.0
4874,-50.0,-46.0
4875,-50.0,-46.0
4876,-50.0,-46.0
4877,-50.0,-46.0
4878,-50.0,-46.0
4879,-50.0,-46.0
4880,-48.0,-45.0
4881,-50.0,-45.0
4882,-48.0,-44.0
4883,-49.0,-44.0
4884,-47.0,-45.0
4885,-48.0,-43.0
4886,-47.0,-43.0
4887,-49.0,-45.0
4888,-50.0,-45.0
4889,-49.0,-45.0
4890,-47.0,-44.0
4891,-46.0,-44.0
4892,-46.0,-42.0
4893,-46.0,-42.0
4894,-43.0,-40.0
4895,-45.0,-42.0
4896,-44.0,-40.0
4897,-44.0,-40.0
4898,-46.0,-42.0
4899,-46.0,-43.0
4900,-47.0,-43.0
4901,-46.0,-43.0
4902,-47.0,-44.0
4903,-50.0,-47.0
4904,-50.0,-46.0
4905,-48.0,-46.0
4906,-50.0,-48.0
4907,-52.0,-48.0
4908,-50.0,-46.0
4909,-50.0,-46.0
4910,-48.0,-46.0
4911,-44.0,-45.0
4912,-44.0,-41.0
4913,-44.0,-41.0
4914,-43.0,-41.0
4915,-45.0,-42.0
4916,-45.0,-42.0
4917,-47.0,-45.0
4918,-48.0,-46.0
4919,-49.0,-46.0
4920,-49.0,-46.0
4921,-47.0,-47.0
4922,-48.0,-45.0
4923,-44.0,-41.0
4924,-42.0,-40.0
4925,-41.0,-39.0
4926,-36.0,-34.0
4927,-35.0,-34.0
4928,-37.0,-34.0
4929,-37.0,-34.0
4930,-37.0,-34.0
4931,-37.0,-35.0
4932,-38.0,-35.0
4933,-38.0,-36.0
4934,-41.0,-38.0
4935,-41.0,-38.0
4936,-41.0,-38.0
4937,-40.0,-38.0
4938,-40.0,-38.0
4939,-41.0,-38.0
4940,-40.0,-38.0
4941,-44.0,-41.0
4942,-44.0,-41.0
4943,-44.0,-41.0
4944,-48.0,-45.0
4945,-48.0,-45.0
4946,-48.0,-45.0
4947,-48.0,-47.0
4948,-50.0,-47.0
4949,-50.0,-47.0
4950,-50.0,-48.0
4951,-51.0,-48.0
4952,-50.0,-48.0
4953,-50.0,-49.0
4954,-50.0,-47.0
4955,-50.0,-47.0
4956,-50.0,-47.0
4957,-52.0,-49.0
4958,-52.0,-50.0
4959,-53.0,-50.0
4960,-53.0,-50.0
4961,-53.0,-50.0
4962,-53.0,-50.0
4963,-54.0,-52.0
4964,-52.0,-49.0
4965,-48.0,-45.0
4966,-48.0,-45.0
4967,-48.0,-47.0
4968,-50.0,-48.0
4969,-51.0,-48.0
4970,-51.0,-48.0
4971,-51.0,-48.0
4972,-51.0,-48.0
4973,-51.0,-48.0
4974,-45.0,-44.0
4975,-43.0,-42.0
4976,-42.0,-42.0
4977,-42.0,-41.0
4978,-42.0,-43.0
4979,-44.0,-43.0
4980,-44.0,-44.0
4981,-45.0,-44.0
4982,-45.0,-44.0
4983,-49.0,-48.0
4984,-45.0,-47.0
4985,-47.0,-49.0
4986,-55.0,-56.0
4987,-55.0,-56.0
4988,-55.0,-56.0
4989,-55.0,-57.0
4990,-56.0,-57.0
4991,-56.0,-57.0
4992,-56.0,-57.0
4993,-54.0,-55.0
4994,-54.0,-56.0
4995,-55.0,-56.0
4996,-59.0,-58.0
4997,-59.0,-59.0
4998,-62.0,-63.0
4999,-64.0,-64.0
